user,community,community_infomap,degree_centrality_undirected,in_degree_centrality_directed,out_degree_centrality_directed,closeness_centrality_undirected,closeness_centrality_directed,betweenness_centrality_undirected,betweenness_centrality_directed,pagerank,stance_score,stance_leaning
marcomaroni.it,0,117,0.001466275659824047,0.0,0.001466275659824047,0.001466275659824047,0.0,0.0,0.0,0.0008512649162196095,0.0,neutral
newyorker.com,0,117,0.001466275659824047,0.001466275659824047,0.0,0.001466275659824047,0.001466275659824047,0.0,0.0,0.0015749886991333996,0.0,neutral
garik16.bsky.social,35,12,0.002932551319648094,0.0,0.002932551319648094,0.02560163850486431,0.0,0.0009301484361879417,0.0,0.0008512649162196095,0.0803655668782691,sinner
arbrown.bsky.social,35,12,0.002932551319648094,0.001466275659824047,0.001466275659824047,0.02217741935483871,0.001466275659824047,0.00046938046085410014,2.1531213800646797e-06,0.0012131268076765046,-0.1978937786118794,alcaraz
mattmarolf.bsky.social,1,9,0.001466275659824047,0.0,0.001466275659824047,0.009897360703812317,0.0,0.0,0.0,0.0008512649162196095,0.0752851070048144,sinner
girinathan.bsky.social,1,9,0.011730205278592375,0.011730205278592375,0.0,0.015324945605902944,0.01434400102001785,0.00041770554773254783,0.0,0.008745450027565379,-0.5743208435364068,alcaraz
mikejohansenmd.medsky.social,2,225,0.001466275659824047,0.0,0.001466275659824047,0.001466275659824047,0.0,0.0,0.0,0.0008512649162196095,0.0,neutral
did:plc:y3cfhqre6iuilnhwp23fgl2v,2,225,0.001466275659824047,0.001466275659824047,0.0,0.001466275659824047,0.001466275659824047,0.0,0.0,0.0015749886991333996,0.0,neutral
fadabiaedofonseca.bsky.social,15,5,0.00439882697947214,0.001466275659824047,0.00439882697947214,0.028432588916459885,0.002618349392542941,0.0018947468144569174,1.0765606900323399e-05,0.0011566066844566508,-0.0557461485619257,alcaraz
doppiofallo.eurosky.social,15,5,0.002932551319648094,0.002932551319648094,0.0,0.026323346415238823,0.003519061583577713,0.0,0.0,0.001648276586175972,0.279467288008891,sinner
sofiainlondon09.bsky.social,15,5,0.00879765395894428,0.002932551319648094,0.007331378299120235,0.02880184331797235,0.0036656891495601175,0.002734464152682142,7.105300554213443e-05,0.00179569295134734,-0.0403551087466379,neutral
edmullen3.bsky.social,3,220,0.001466275659824047,0.0,0.001466275659824047,0.001466275659824047,0.0,0.0,0.0,0.0008512649162196095,0.0,neutral
demcae.bsky.social,3,220,0.001466275659824047,0.001466275659824047,0.0,0.001466275659824047,0.001466275659824047,0.0,0.0,0.0015749886991333996,-0.0656789138029592,alcaraz
goingkronos.bsky.social,4,212,0.001466275659824047,0.0,0.001466275659824047,0.001466275659824047,0.0,0.0,0.0,0.0008512649162196095,0.0,neutral
did:plc:ancabmpq63l3byhbzr3qxlyf,4,212,0.001466275659824047,0.001466275659824047,0.0,0.001466275659824047,0.001466275659824047,0.0,0.0,0.0015749886991333996,0.0,neutral
jojolego5014.bsky.social,74,8,0.001466275659824047,0.0,0.001466275659824047,0.023782755340309606,0.0,0.0,0.0,0.0008512649162196095,-0.0606087800115346,alcaraz
tennisupdates.bsky.social,74,8,0.010263929618768328,0.010263929618768328,0.001466275659824047,0.027852331999797437,0.011311269375785504,0.004052174437281727,3.660306346109956e-05,0.019409811550262456,-0.0085846251070809,neutral
swissmrs3.bsky.social,50,6,0.002932551319648094,0.001466275659824047,0.001466275659824047,0.0058651026392961885,0.001466275659824047,3.875618484116423e-05,2.1531213800646797e-06,0.0012131268076765046,0.2055258877575397,sinner
did:plc:lo4l4oniybt745yrpxbaoqbf,50,6,0.001466275659824047,0.001466275659824047,0.0,0.004312575470070727,0.0019550342130987292,0.0,0.0,0.0018826471937003237,0.0,neutral
aaronjzach8.bsky.social,5,210,0.001466275659824047,0.0,0.001466275659824047,0.001466275659824047,0.0,0.0,0.0,0.0008512649162196095,0.0,neutral
did:plc:sllyqdmxqic5bqssb2ee3htk,5,210,0.001466275659824047,0.001466275659824047,0.0,0.001466275659824047,0.001466275659824047,0.0,0.0,0.0015749886991333996,0.0,neutral
eduartmontes.bsky.social,6,7,0.011730205278592375,0.002932551319648094,0.010263929618768328,0.01187683284457478,0.002932551319648094,0.0001507184966045276,2.7990577940840836e-05,0.0021060044085384443,0.0063348040916025,neutral
did:plc:fogt25c2lvrfzcvmibmxaqh7,6,7,0.001466275659824047,0.001466275659824047,0.0,0.006598240469208211,0.0026392961876832845,0.0,0.0,0.00124916032203339,0.0,neutral
papodeteniscast.bsky.social,7,208,0.001466275659824047,0.0,0.001466275659824047,0.001466275659824047,0.0,0.0,0.0,0.0008512649162196095,0.0174221790080567,neutral
did:plc:pus36pf3iavkldksdlym7to6,7,208,0.001466275659824047,0.001466275659824047,0.0,0.001466275659824047,0.001466275659824047,0.0,0.0,0.0015749886991333996,0.0,neutral
did:plc:7dzulgfedlgtu4lxno22sejz,6,7,0.001466275659824047,0.001466275659824047,0.0,0.006598240469208211,0.0026392961876832845,0.0,0.0,0.0010502126191264997,0.0,neutral
did:plc:5ant2prn7faabzcuyx7fkmpu,6,7,0.001466275659824047,0.001466275659824047,0.0,0.006598240469208211,0.0026392961876832845,0.0,0.0,0.00124916032203339,0.0,neutral
mononthemoonz.bsky.social,6,7,0.001466275659824047,0.001466275659824047,0.001466275659824047,0.006598240469208211,0.0019550342130987292,0.0,0.0,0.0010502126191264997,0.0,neutral
carolebouchard.bsky.social,8,1,0.01466275659824047,0.011730205278592375,0.00879765395894428,0.038822615938448504,0.012672811059907833,0.00832827349809018,0.00036172439185086616,0.009896412089719742,0.0192636589174823,neutral
chrisweedon.bsky.social,8,1,0.01466275659824047,0.00439882697947214,0.01466275659824047,0.04572663784502826,0.008870967741935484,0.016604872083058803,0.0002863651435486024,0.00328263678336957,0.0458160349474628,neutral
arielle01.bsky.social,8,1,0.001466275659824047,0.0,0.001466275659824047,0.031346175766556475,0.0,0.0,0.0,0.0008512649162196095,0.0,neutral
nawalnadal.bsky.social,15,34,0.001466275659824047,0.0,0.001466275659824047,0.016801075268817203,0.0,0.0,0.0,0.0008512649162196095,0.0,neutral
ticktocktennis.bsky.social,15,34,0.002932551319648094,0.002932551319648094,0.0,0.018734884354668392,0.002932551319648094,0.00046938046085410014,0.0,0.0019368505905902947,-0.024188449301662,neutral
newmexicoman.bsky.social,9,206,0.001466275659824047,0.0,0.001466275659824047,0.001466275659824047,0.0,0.0,0.0,0.0008512649162196095,0.0,neutral
did:plc:g62tajye723r3fa4gqw7l7ql,9,206,0.001466275659824047,0.001466275659824047,0.0,0.001466275659824047,0.001466275659824047,0.0,0.0,0.0015749886991333996,0.0,neutral
park3.bsky.social,10,33,0.001466275659824047,0.0,0.001466275659824047,0.0026392961876832845,0.0,0.0,0.0,0.0008512649162196095,0.0,neutral
cjzero.bsky.social,10,33,0.00439882697947214,0.00439882697947214,0.0,0.004398826979472141,0.004398826979472141,1.2918728280388077e-05,0.0,0.0030224362649609797,0.0027732121758162,neutral
did:plc:63zjpqfhowjsbfl26dipg3e2,8,1,0.001466275659824047,0.001466275659824047,0.0,0.03569805932368404,0.006598240469208212,0.0,0.0,0.0010373381059589188,0.0,neutral
rsalt.bsky.social,11,66,0.001466275659824047,0.001466275659824047,0.001466275659824047,0.001466275659824047,0.001466275659824047,0.0,0.0,0.005623901794836843,-0.3228574832901358,alcaraz
mtennismad.bsky.social,11,66,0.001466275659824047,0.001466275659824047,0.001466275659824047,0.001466275659824047,0.001466275659824047,0.0,0.0,0.005623901794836843,0.0,neutral
dustintransigent.bsky.social,12,203,0.001466275659824047,0.0,0.001466275659824047,0.001466275659824047,0.0,0.0,0.0,0.0008512649162196095,0.0,neutral
did:plc:swgxwbir4rrimj57pf75jckf,12,203,0.001466275659824047,0.001466275659824047,0.0,0.001466275659824047,0.001466275659824047,0.0,0.0,0.0015749886991333996,0.0,neutral
lgp-netwolf.bsky.social,13,197,0.001466275659824047,0.0,0.001466275659824047,0.001466275659824047,0.0,0.0,0.0,0.0008512649162196095,0.0,neutral
did:plc:3dme4pfezlxro2bc6mezyuli,13,197,0.001466275659824047,0.001466275659824047,0.0,0.001466275659824047,0.001466275659824047,0.0,0.0,0.0015749886991333996,0.0,neutral
continentaldivide.bsky.social,14,193,0.001466275659824047,0.0,0.001466275659824047,0.001466275659824047,0.0,0.0,0.0,0.0008512649162196095,0.0,neutral
did:plc:x4g4laxkmsrczwvnvbbgsm7g,14,193,0.001466275659824047,0.001466275659824047,0.0,0.001466275659824047,0.001466275659824047,0.0,0.0,0.0015749886991333996,0.0,neutral
emarktaylor.bsky.social,15,34,0.002932551319648094,0.0,0.002932551319648094,0.021121351766513058,0.0,0.0009301484361879417,0.0,0.0008512649162196095,0.0,neutral
mrc-qpp62.bsky.social,16,185,0.001466275659824047,0.0,0.001466275659824047,0.001466275659824047,0.0,0.0,0.0,0.0008512649162196095,0.0,neutral
did:plc:hgvmwtjpeee5bjuua3fem7nx,16,185,0.001466275659824047,0.001466275659824047,0.0,0.001466275659824047,0.001466275659824047,0.0,0.0,0.0015749886991333996,0.0,neutral
did:plc:k443opxfvjscjwusntnfhwi2,15,34,0.002932551319648094,0.002932551319648094,0.0,0.02413868773315778,0.005131964809384164,0.0013823039260015242,0.0,0.0015943898651043877,0.0,neutral
flashgroove.bsky.social,67,11,0.001466275659824047,0.0,0.001466275659824047,0.00593841642228739,0.0,0.0,0.0,0.0008512649162196095,0.1253617238486185,sinner
did:plc:x7d6j54pm22ufehkes6jo4jf,67,11,0.00879765395894428,0.00879765395894428,0.0,0.009897360703812317,0.008797653958944282,0.00012918728280388077,0.0,0.004650814776517007,0.0,neutral
heyitsmeleah.bsky.social,17,181,0.001466275659824047,0.0,0.001466275659824047,0.001466275659824047,0.0,0.0,0.0,0.0008512649162196095,-0.2278276547789573,alcaraz
sallyjenx.bsky.social,17,181,0.001466275659824047,0.001466275659824047,0.0,0.001466275659824047,0.001466275659824047,0.0,0.0,0.0015749886991333996,0.0067512508481741,neutral
mb-renee.bsky.social,33,17,0.001466275659824047,0.001466275659824047,0.001466275659824047,0.003770423125261835,0.0019550342130987292,0.0,0.0,0.0017095741896533143,-0.1820268310606479,alcaraz
ticoqrouge.bsky.social,33,17,0.005865102639296188,0.002932551319648094,0.00439882697947214,0.005865102639296188,0.002932551319648094,5.167491312155231e-05,1.0765606900323399e-05,0.003028511330702029,-0.1421683157289711,alcaraz
earsgato.bsky.social,18,171,0.001466275659824047,0.0,0.001466275659824047,0.001466275659824047,0.0,0.0,0.0,0.0008512649162196095,0.2971021313220262,sinner
did:plc:wmn63mfrex6ylcwgvvtql4dc,18,171,0.001466275659824047,0.001466275659824047,0.0,0.001466275659824047,0.001466275659824047,0.0,0.0,0.0015749886991333996,0.0,neutral
lqueens.bsky.social,19,13,0.002932551319648094,0.001466275659824047,0.001466275659824047,0.005278592375366569,0.001466275659824047,0.0,0.0,0.0009960096728023676,0.0098070628941059,neutral
thebodyserve.bsky.social,19,13,0.007331378299120235,0.007331378299120235,0.0,0.00754084625052367,0.007331378299120235,5.167491312155231e-05,0.0,0.004303457715449812,-0.6345167169696652,alcaraz
caropaquin80.bsky.social,8,1,0.001466275659824047,0.001466275659824047,0.0,0.03569805932368404,0.006598240469208212,0.0,0.0,0.0010373381059589188,0.0240322278114035,neutral
illimij.bsky.social,20,170,0.001466275659824047,0.0,0.001466275659824047,0.001466275659824047,0.0,0.0,0.0,0.0008512649162196095,-0.5421877881512046,alcaraz
leemeade.bsky.social,20,170,0.001466275659824047,0.001466275659824047,0.0,0.001466275659824047,0.001466275659824047,0.0,0.0,0.0015749886991333996,0.0656245167101068,sinner
bookshrike.bsky.social,8,1,0.002932551319648094,0.001466275659824047,0.002932551319648094,0.03598769875024537,0.005913978494623656,0.0009301484361879417,2.3684335180711476e-05,0.0010373381059589188,0.0913303308188915,sinner
etashiordnung.bsky.social,21,38,0.001466275659824047,0.0,0.001466275659824047,0.0026392961876832845,0.0,0.0,0.0,0.0008512649162196095,-0.541020497540012,alcaraz
weirdalf.bsky.social,21,38,0.00439882697947214,0.00439882697947214,0.0,0.004398826979472141,0.004398826979472141,1.2918728280388077e-05,0.0,0.0030224362649609797,-0.2849372677833935,alcaraz
gwedlid.bsky.social,22,168,0.001466275659824047,0.0,0.001466275659824047,0.001466275659824047,0.0,0.0,0.0,0.0008512649162196095,-0.1230730056762695,alcaraz
did:plc:h3jygrp3qaohj5m66a2mdmez,22,168,0.001466275659824047,0.001466275659824047,0.0,0.001466275659824047,0.001466275659824047,0.0,0.0,0.0015749886991333996,0.0,neutral
jaketennisnut.bsky.social,8,1,0.002932551319648094,0.001466275659824047,0.001466275659824047,0.031457332418210936,0.001466275659824047,0.00046938046085410014,4.3062427601293595e-05,0.0015749886991333996,-0.0268178294096807,neutral
bakerdphd.bsky.social,23,167,0.001466275659824047,0.0,0.001466275659824047,0.001466275659824047,0.0,0.0,0.0,0.0008512649162196095,0.0,neutral
dem8z.bsky.social,23,167,0.001466275659824047,0.001466275659824047,0.0,0.001466275659824047,0.001466275659824047,0.0,0.0,0.0015749886991333996,-0.2788357361219823,alcaraz
thetennisletter.bsky.social,48,3,0.021994134897360705,0.021994134897360705,0.0,0.044802867383512544,0.021547877087849037,0.015384052260562149,0.0,0.009480782239953134,0.0616114503113694,sinner
heidelbergkid.bsky.social,24,163,0.001466275659824047,0.0,0.001466275659824047,0.001466275659824047,0.0,0.0,0.0,0.0008512649162196095,-0.0650759950280189,alcaraz
did:plc:o2xuk3kmy2xwif2j5p5fe4vr,24,163,0.001466275659824047,0.001466275659824047,0.0,0.001466275659824047,0.001466275659824047,0.0,0.0,0.0015749886991333996,0.0,neutral
juliembell.bsky.social,8,44,0.001466275659824047,0.0,0.001466275659824047,0.029471653627692638,0.0,0.0,0.0,0.0008512649162196095,0.2818232969380915,sinner
courttheory.bsky.social,8,44,0.00439882697947214,0.00439882697947214,0.0,0.03598769875024537,0.008452647921338622,0.000934454678948071,0.0,0.002484785671786499,-0.2121401311713271,alcaraz
amalgama1.bsky.social,8,1,0.002932551319648094,0.002932551319648094,0.0,0.03848576026870058,0.009624100239936017,0.004907681332294094,0.0,0.0024301923290272983,-0.388214174984023,alcaraz
theathletictennis.bsky.social,25,55,0.002932551319648094,0.001466275659824047,0.001466275659824047,0.002932551319648094,0.001466275659824047,4.306242760129359e-06,2.1531213800646797e-06,0.0015749886991333996,0.0733114195987582,sinner
did:plc:wppzji5qxmtz4unwfhtwfaht,25,55,0.001466275659824047,0.001466275659824047,0.0,0.0019550342130987292,0.0019550342130987292,0.0,0.0,0.0021903056882672483,0.0,neutral
mateussb.bsky.social,26,156,0.001466275659824047,0.0,0.001466275659824047,0.001466275659824047,0.0,0.0,0.0,0.0008512649162196095,-0.1473667524755001,alcaraz
did:plc:untvx5ijcg3s7ys4odtov4b2,26,156,0.001466275659824047,0.001466275659824047,0.0,0.001466275659824047,0.001466275659824047,0.0,0.0,0.0015749886991333996,0.0,neutral
likeadeuce.bsky.social,27,148,0.001466275659824047,0.0,0.001466275659824047,0.001466275659824047,0.0,0.0,0.0,0.0008512649162196095,-0.0540224810130894,alcaraz
did:plc:5tx7ne3xxkyv5pkrkt6ouo6y,27,148,0.001466275659824047,0.001466275659824047,0.0,0.001466275659824047,0.001466275659824047,0.0,0.0,0.0015749886991333996,0.0,neutral
dkramb.bsky.social,28,46,0.002932551319648094,0.001466275659824047,0.001466275659824047,0.002932551319648094,0.001466275659824047,4.306242760129359e-06,2.1531213800646797e-06,0.0015749886991333996,0.0,neutral
did:plc:sgexgivransmchqchhundorw,28,46,0.001466275659824047,0.001466275659824047,0.0,0.0019550342130987292,0.0019550342130987292,0.0,0.0,0.0021903056882672483,0.0,neutral
javieru.bsky.social,29,144,0.001466275659824047,0.0,0.001466275659824047,0.001466275659824047,0.0,0.0,0.0,0.0008512649162196095,-0.1598550599068403,alcaraz
did:plc:2ylnzfqq7uxjizkaqrlzlomx,29,144,0.001466275659824047,0.001466275659824047,0.0,0.001466275659824047,0.001466275659824047,0.0,0.0,0.0015749886991333996,0.0,neutral
lnathunderstorm.bsky.social,30,129,0.001466275659824047,0.0,0.001466275659824047,0.001466275659824047,0.0,0.0,0.0,0.0008512649162196095,-0.1459925826638937,alcaraz
did:plc:ypm33pj5rw4hh5g6gld3cytr,30,129,0.001466275659824047,0.001466275659824047,0.0,0.001466275659824047,0.001466275659824047,0.0,0.0,0.0015749886991333996,0.0,neutral
marie-fleur.eurosky.social,31,125,0.001466275659824047,0.0,0.001466275659824047,0.001466275659824047,0.0,0.0,0.0,0.0008512649162196095,-0.1543605752289295,alcaraz
did:plc:rgyamjtetz3vcapenvfoqty5,31,125,0.001466275659824047,0.001466275659824047,0.0,0.001466275659824047,0.001466275659824047,0.0,0.0,0.0015749886991333996,0.0,neutral
auntietennis.bsky.social,15,5,0.002932551319648094,0.001466275659824047,0.001466275659824047,0.03372991536857599,0.003299120234604106,0.004632081795645813,1.2918728280388077e-05,0.0012005614583536443,0.1004338055849075,sinner
autistictennisfan.bsky.social,15,19,0.010263929618768328,0.00439882697947214,0.005865102639296188,0.028072682727643936,0.005236698785085882,0.004039255709001339,8.397173382252251e-05,0.0022421923588273355,0.2246089970714158,sinner
smashed-racquet.bsky.social,15,19,0.001466275659824047,0.001466275659824047,0.0,0.023943232771755692,0.0040604556733589,0.0,0.0,0.001613791031075376,0.0037703189882449,neutral
magnolia2010.bsky.social,32,116,0.001466275659824047,0.0,0.001466275659824047,0.001466275659824047,0.0,0.0,0.0,0.0008512649162196095,0.0,neutral
did:plc:upyx3raxzpwlnzojrncogd7y,32,116,0.001466275659824047,0.001466275659824047,0.0,0.001466275659824047,0.001466275659824047,0.0,0.0,0.0015749886991333996,0.0,neutral
steinbeck207.bsky.social,8,1,0.001466275659824047,0.001466275659824047,0.001466275659824047,0.031346175766556475,0.007392473118279569,0.0,0.0,0.0022537025840613243,-0.364793561398983,alcaraz
pauletteparis1.bsky.social,8,72,0.002932551319648094,0.002932551319648094,0.0,0.029569892473118278,0.005762804337447998,0.00046938046085410014,0.0,0.0020159604988369334,0.0,neutral
sctideprince.bsky.social,8,72,0.001466275659824047,0.0,0.001466275659824047,0.02502388643705355,0.0,0.0,0.0,0.0008512649162196095,0.0,neutral
did:plc:jxmckk7l6xtklrxlkahikut5,33,17,0.002932551319648094,0.002932551319648094,0.0,0.005278592375366569,0.0039100684261974585,3.4449942081034875e-05,0.0,0.002192056711595841,0.0,neutral
flyinghabu.bsky.social,38,18,0.00439882697947214,0.002932551319648094,0.00439882697947214,0.004398826979472141,0.002932551319648094,8.612485520258719e-06,6.459364140194039e-06,0.004508179960738288,-0.0126923077062308,neutral
did:plc:6jnz34gjlf6xkf25ydxzrzhd,38,18,0.001466275659824047,0.001466275659824047,0.0,0.0026392961876832845,0.0026392961876832845,0.0,0.0,0.0018095361226200628,0.0,neutral
mjlinde.bsky.social,34,71,0.002932551319648094,0.0,0.002932551319648094,0.002932551319648094,0.0,4.306242760129359e-06,0.0,0.0008512649162196095,-0.0020013961184304,neutral
did:plc:abwtouakv2fu74ihftvmsvbk,34,71,0.001466275659824047,0.001466275659824047,0.0,0.0019550342130987292,0.001466275659824047,0.0,0.0,0.0012131268076765046,0.0,neutral
aprilglick.bsky.social,35,12,0.00439882697947214,0.00439882697947214,0.0,0.030173359666447224,0.004398826979472141,0.0018387656585752365,0.0,0.002178091851561558,0.1382711642887443,sinner
bethb823.bsky.social,25,55,0.001466275659824047,0.0,0.001466275659824047,0.0019550342130987292,0.0,0.0,0.0,0.0008512649162196095,-0.6368771696928889,alcaraz
jacquimartin75.bsky.social,15,5,0.00439882697947214,0.001466275659824047,0.002932551319648094,0.031290891505945266,0.0036656891495601175,0.004422511314652845,6.028739864181103e-05,0.0012325279736474927,0.0996671099005942,sinner
caramellato.bsky.social,36,114,0.001466275659824047,0.0,0.001466275659824047,0.001466275659824047,0.0,0.0,0.0,0.0008512649162196095,0.0164307611994445,neutral
jeperego.bsky.social,36,114,0.001466275659824047,0.001466275659824047,0.0,0.001466275659824047,0.001466275659824047,0.0,0.0,0.0015749886991333996,0.111266448210097,sinner
nolanmutd.bsky.social,37,23,0.001466275659824047,0.001466275659824047,0.001466275659824047,0.001466275659824047,0.001466275659824047,0.0,0.0,0.005623901794836843,0.0,neutral
colaaalips.bsky.social,37,23,0.001466275659824047,0.001466275659824047,0.001466275659824047,0.001466275659824047,0.001466275659824047,0.0,0.0,0.005623901794836843,-0.0905296801356598,alcaraz
goffry.bsky.social,38,18,0.002932551319648094,0.001466275659824047,0.002932551319648094,0.003299120234604106,0.0019550342130987292,0.0,0.0,0.0027678073290205163,0.0,neutral
pupulmimsi.bsky.social,39,32,0.001466275659824047,0.001466275659824047,0.001466275659824047,0.001466275659824047,0.001466275659824047,0.0,0.0,0.005623901794836843,0.2913402562960982,sinner
brian55.bsky.social,39,32,0.001466275659824047,0.001466275659824047,0.001466275659824047,0.001466275659824047,0.001466275659824047,0.0,0.0,0.005623901794836843,-0.2962611947557889,alcaraz
burninggiraffe.bsky.social,40,112,0.001466275659824047,0.0,0.001466275659824047,0.001466275659824047,0.0,0.0,0.0,0.0008512649162196095,0.0625034934841096,sinner
did:plc:l24dneszyhb3acoouovqtjrq,40,112,0.001466275659824047,0.001466275659824047,0.0,0.001466275659824047,0.001466275659824047,0.0,0.0,0.0015749886991333996,0.0,neutral
adamfromphilly.bsky.social,35,12,0.00439882697947214,0.0,0.00439882697947214,0.036431079022322316,0.0,0.004000499524160175,0.0,0.0008512649162196095,-0.2002357099670916,alcaraz
randyrnbla.bsky.social,35,12,0.001466275659824047,0.0,0.001466275659824047,0.025454713750173552,0.0,0.0,0.0,0.0008512649162196095,0.3665007021500626,sinner
dsms6x.bsky.social,48,3,0.002932551319648094,0.0,0.002932551319648094,0.03969113083640037,0.0,0.003205997734916305,0.0,0.0008512649162196095,0.4124806871172041,sinner
grinchkicker.bsky.social,41,50,0.001466275659824047,0.0,0.001466275659824047,0.001466275659824047,0.0,0.0,0.0,0.0008512649162196095,0.1434990912443026,sinner
did:plc:iwsqlwynexm45vk3wxct4b46,41,50,0.001466275659824047,0.001466275659824047,0.0,0.001466275659824047,0.001466275659824047,0.0,0.0,0.0015749886991333996,0.0,neutral
dequesse.bsky.social,48,3,0.001466275659824047,0.0,0.001466275659824047,0.03513254551261578,0.0,0.0,0.0,0.0008512649162196095,0.6163070538081229,sinner
jemineale.bsky.social,74,8,0.001466275659824047,0.0,0.001466275659824047,0.023782755340309606,0.0,0.0,0.0,0.0008512649162196095,0.218212382782561,sinner
prasanna-rajagopal.bsky.social,67,11,0.001466275659824047,0.0,0.001466275659824047,0.00593841642228739,0.0,0.0,0.0,0.0008512649162196095,-0.2748621657025069,alcaraz
chrisfumo.bsky.social,21,38,0.001466275659824047,0.0,0.001466275659824047,0.0026392961876832845,0.0,0.0,0.0,0.0008512649162196095,-0.1062581615522503,alcaraz
a-girl-in-bklyn.bsky.social,19,13,0.00439882697947214,0.0,0.00439882697947214,0.005865102639296188,0.0,2.1531213800646798e-05,0.0,0.0008512649162196095,0.0487687556904607,neutral
curiousmama.bsky.social,220,15,0.00439882697947214,0.0,0.00439882697947214,0.025454713750173552,0.0,0.000934454678948071,0.0,0.0008512649162196095,-0.3041640190873295,alcaraz
did:plc:khgb5zuibt2msorwvbhkibu4,220,15,0.001466275659824047,0.001466275659824047,0.0,0.022012326903065718,0.001466275659824047,0.0,0.0,0.001092506177190873,0.0,neutral
did:plc:6l7bextaj3drwh5l2xsafdxf,220,15,0.002932551319648094,0.002932551319648094,0.0,0.029969485614646903,0.002932551319648094,0.0013823039260015242,0.0,0.0013337474381621363,0.0,neutral
did:plc:xihqh2fz4lnd2n6r7h3bnacx,220,15,0.001466275659824047,0.001466275659824047,0.0,0.022012326903065718,0.001466275659824047,0.0,0.0,0.001092506177190873,0.0,neutral
pepebrasin.bsky.social,42,28,0.00439882697947214,0.0,0.00439882697947214,0.004398826979472141,0.0,1.2918728280388077e-05,0.0,0.0008512649162196095,-0.0433144858603676,neutral
did:plc:f7kxwo3k6dol23q46sffjll6,42,28,0.001466275659824047,0.001466275659824047,0.0,0.0026392961876832845,0.001466275659824047,0.0,0.0,0.0012131268076765046,0.0,neutral
lucone67.bsky.social,43,111,0.001466275659824047,0.0,0.001466275659824047,0.001466275659824047,0.0,0.0,0.0,0.0008512649162196095,0.429506241902709,sinner
did:plc:2agah6f4mstjpeney5lujnj5,43,111,0.001466275659824047,0.001466275659824047,0.0,0.001466275659824047,0.001466275659824047,0.0,0.0,0.0015749886991333996,0.0,neutral
richuncleskeletonn.bsky.social,10,33,0.001466275659824047,0.0,0.001466275659824047,0.0026392961876832845,0.0,0.0,0.0,0.0008512649162196095,0.0,neutral
lajacq.bsky.social,44,54,0.001466275659824047,0.0,0.001466275659824047,0.0019550342130987292,0.0,0.0,0.0,0.0008512649162196095,-0.1150942929089069,alcaraz
rincewind.run,44,54,0.002932551319648094,0.002932551319648094,0.0,0.002932551319648094,0.002932551319648094,4.306242760129359e-06,0.0,0.0022987124820471896,0.0825932595568398,sinner
bluebaby1967.bsky.social,45,110,0.001466275659824047,0.0,0.001466275659824047,0.001466275659824047,0.0,0.0,0.0,0.0008512649162196095,-0.3904336426989175,alcaraz
did:plc:7q6z3dkey66243ryqonslu3e,45,110,0.001466275659824047,0.001466275659824047,0.0,0.001466275659824047,0.001466275659824047,0.0,0.0,0.0015749886991333996,0.0,neutral
griselbrand.bsky.social,46,108,0.001466275659824047,0.0,0.001466275659824047,0.001466275659824047,0.0,0.0,0.0,0.0008512649162196095,-0.6191415512934327,alcaraz
cazmccazmick.bsky.social,46,108,0.001466275659824047,0.001466275659824047,0.0,0.001466275659824047,0.001466275659824047,0.0,0.0,0.0015749886991333996,-0.0809887191829537,alcaraz
zyfez.bsky.social,47,107,0.001466275659824047,0.0,0.001466275659824047,0.001466275659824047,0.0,0.0,0.0,0.0008512649162196095,0.0,neutral
karinafjp.bsky.social,47,107,0.001466275659824047,0.001466275659824047,0.0,0.001466275659824047,0.001466275659824047,0.0,0.0,0.0015749886991333996,-0.1712806835770607,alcaraz
neilforreal.bsky.social,15,22,0.00439882697947214,0.0,0.00439882697947214,0.027045633359559403,0.0,0.000934454678948071,0.0,0.0008512649162196095,-0.1402576795694882,alcaraz
spin4srv.bsky.social,15,22,0.001466275659824047,0.001466275659824047,0.0,0.023192072527935904,0.001466275659824047,0.0,0.0,0.001092506177190873,0.0,neutral
adbtennis.bsky.social,49,35,0.001466275659824047,0.0,0.001466275659824047,0.0019550342130987292,0.0,0.0,0.0,0.0008512649162196095,0.1418598444201052,sinner
owensports.bsky.social,49,35,0.002932551319648094,0.001466275659824047,0.001466275659824047,0.002932551319648094,0.001466275659824047,4.306242760129359e-06,2.1531213800646797e-06,0.0015749886991333996,0.0284511268362761,neutral
gothamgirlblue.com,50,6,0.011730205278592375,0.007331378299120235,0.00439882697947214,0.011279043537108055,0.007331378299120235,0.00018086219592543308,3.229682070097019e-05,0.004108021939331664,0.1862263539473393,sinner
did:plc:hyogcwivc5r3leatz44cueyf,50,6,0.001466275659824047,0.001466275659824047,0.0,0.006664889362836577,0.004798720341242336,0.0,0.0,0.002015481660891646,0.0,neutral
seb-war.bsky.social,48,2,0.002932551319648094,0.0,0.002932551319648094,0.03969113083640037,0.0,0.003205997734916305,0.0,0.0008512649162196095,0.0006273318082094,neutral
fiore-blu.bsky.social,19,13,0.001466275659824047,0.0,0.001466275659824047,0.004398826979472141,0.0,0.0,0.0,0.0008512649162196095,0.0,neutral
theathletic.com,48,2,0.011730205278592375,0.010263929618768328,0.001466275659824047,0.036506040090269476,0.011279043537108055,0.007763437989386536,2.1531213800646798e-05,0.006008176303623181,-0.0105675106096896,neutral
cdeccleshare.bsky.social,15,22,0.005865102639296188,0.005865102639296188,0.0,0.032199519934430064,0.011507076373836541,0.003674660488643725,0.0,0.007170309422486812,-0.1900166156624133,alcaraz
nytimes.com,48,2,0.005865102639296188,0.00439882697947214,0.001466275659824047,0.03022476232345991,0.004398826979472141,0.001847378144095495,1.2918728280388077e-05,0.002660574373504085,0.0,neutral
dzd7.bsky.social,48,2,0.001466275659824047,0.0,0.001466275659824047,0.025491286614757136,0.0,0.0,0.0,0.0008512649162196095,0.0,neutral
waynepatriot.bsky.social,48,2,0.002932551319648094,0.0,0.002932551319648094,0.02556474853583713,0.0,0.00046938046085410014,0.0,0.0008512649162196095,-0.2652609294901291,alcaraz
elpais.com,48,2,0.001466275659824047,0.001466275659824047,0.0,0.022094564737074676,0.001466275659824047,0.0,0.0,0.0012131268076765046,-0.1594651568565956,alcaraz
did:plc:2fpuizfc6tbifgtpv73xuhuy,50,6,0.001466275659824047,0.001466275659824047,0.0,0.006664889362836577,0.004798720341242336,0.0,0.0,0.002015481660891646,0.0,neutral
muchovafanclub.bsky.social,15,19,0.002932551319648094,0.0,0.002932551319648094,0.02400803177790388,0.0,0.00046938046085410014,0.0,0.0008512649162196095,-0.1742344622810681,alcaraz
mldavies.bsky.social,1,9,0.001466275659824047,0.0,0.001466275659824047,0.009897360703812317,0.0,0.0,0.0,0.0008512649162196095,0.0,neutral
joshcromwell.bsky.social,51,24,0.001466275659824047,0.0,0.001466275659824047,0.0026392961876832845,0.0,0.0,0.0,0.0008512649162196095,-0.1452497046363229,alcaraz
fortydeucetwits.bsky.social,51,24,0.00439882697947214,0.00439882697947214,0.0,0.004398826979472141,0.004398826979472141,1.2918728280388077e-05,0.0,0.0030224362649609797,0.2665257173590362,sinner
lamorak.bsky.social,52,105,0.001466275659824047,0.0,0.001466275659824047,0.001466275659824047,0.0,0.0,0.0,0.0008512649162196095,0.0,neutral
isaacbutler.bsky.social,52,105,0.001466275659824047,0.001466275659824047,0.0,0.001466275659824047,0.001466275659824047,0.0,0.0,0.0015749886991333996,0.0,neutral
francaqc.bsky.social,33,17,0.002932551319648094,0.0,0.002932551319648094,0.0040604556733589,0.0,2.1531213800646798e-05,0.0,0.0008512649162196095,0.2728030387987383,sinner
did:plc:rqwii6e3777m5y2uz3jzxy4g,15,19,0.001466275659824047,0.001466275659824047,0.0,0.023943232771755692,0.0040604556733589,0.0,0.0,0.0012325279736474927,0.0,neutral
therealbradbabs.bsky.social,1,9,0.001466275659824047,0.0,0.001466275659824047,0.009897360703812317,0.0,0.0,0.0,0.0008512649162196095,0.0,neutral
bibler.bsky.social,48,3,0.001466275659824047,0.0,0.001466275659824047,0.03513254551261578,0.0,0.0,0.0,0.0008512649162196095,0.0,neutral
cgouais.bsky.social,53,63,0.001466275659824047,0.0,0.001466275659824047,0.0019550342130987292,0.0,0.0,0.0,0.0008512649162196095,0.0,neutral
fredbourget.bsky.social,53,63,0.002932551319648094,0.002932551319648094,0.0,0.002932551319648094,0.002932551319648094,4.306242760129359e-06,0.0,0.0022987124820471896,-0.0131735410541296,neutral
carriempruett.bsky.social,51,24,0.001466275659824047,0.0,0.001466275659824047,0.0026392961876832845,0.0,0.0,0.0,0.0008512649162196095,0.1334971481002867,sinner
pinkpalaceceh.bsky.social,54,64,0.001466275659824047,0.0,0.001466275659824047,0.001466275659824047,0.0,0.0,0.0,0.0008512649162196095,0.0,neutral
did:plc:rsg7yzluhsm7ijkklscuw27s,54,64,0.001466275659824047,0.001466275659824047,0.0,0.001466275659824047,0.001466275659824047,0.0,0.0,0.0015749886991333996,0.0,neutral
davelevitan.bsky.social,44,54,0.001466275659824047,0.0,0.001466275659824047,0.0019550342130987292,0.0,0.0,0.0,0.0008512649162196095,-0.0645046819733189,alcaraz
did:plc:5qbc67ery6jxu3dnwnx63imm,19,13,0.001466275659824047,0.001466275659824047,0.0,0.003770423125261835,0.001466275659824047,0.0,0.0,0.0009960096728023676,0.0,neutral
mavwreck.bsky.social,50,6,0.001466275659824047,0.0,0.001466275659824047,0.006664889362836577,0.0,0.0,0.0,0.0008512649162196095,-0.2191614075098186,alcaraz
gakster29.bsky.social,55,88,0.001466275659824047,0.0,0.001466275659824047,0.001466275659824047,0.0,0.0,0.0,0.0008512649162196095,0.0,neutral
epicciuto.bsky.social,55,88,0.001466275659824047,0.001466275659824047,0.0,0.001466275659824047,0.001466275659824047,0.0,0.0,0.0015749886991333996,0.0530747878830879,sinner
jojororo.bsky.social,56,85,0.001466275659824047,0.0,0.001466275659824047,0.001466275659824047,0.0,0.0,0.0,0.0008512649162196095,0.516126190405339,sinner
did:plc:k3i3d2xfibssxz2lbm45x54o,56,85,0.001466275659824047,0.001466275659824047,0.0,0.001466275659824047,0.001466275659824047,0.0,0.0,0.0015749886991333996,0.0,neutral
sieterevueltas.bsky.social,57,20,0.007331378299120235,0.001466275659824047,0.005865102639296188,0.00754084625052367,0.001466275659824047,6.028739864181103e-05,8.612485520258719e-06,0.0015749886991333996,0.0149693289306014,neutral
did:plc:hih6h3f3z3e4dfwrctx7g34u,57,20,0.002932551319648094,0.002932551319648094,0.0,0.005278592375366569,0.003299120234604106,2.1531213800646798e-05,0.0,0.0019097488921453092,0.0,neutral
did:plc:xwrfmullkb552y344zsi6bvc,57,20,0.001466275659824047,0.001466275659824047,0.0,0.004398826979472141,0.0019550342130987292,0.0,0.0,0.0011860251092315193,0.0,neutral
totanax.bsky.social,58,78,0.001466275659824047,0.0,0.001466275659824047,0.001466275659824047,0.0,0.0,0.0,0.0008512649162196095,0.0673573698848485,sinner
did:plc:k6krf4ccfxjbmnrxbpi5zjmt,58,78,0.001466275659824047,0.001466275659824047,0.0,0.001466275659824047,0.001466275659824047,0.0,0.0,0.0015749886991333996,0.0,neutral
kacey325.bsky.social,59,77,0.001466275659824047,0.0,0.001466275659824047,0.001466275659824047,0.0,0.0,0.0,0.0008512649162196095,0.6427181507227943,sinner
did:plc:heroykl5age25vyo7zeakl32,59,77,0.001466275659824047,0.001466275659824047,0.0,0.001466275659824047,0.001466275659824047,0.0,0.0,0.0015749886991333996,0.0,neutral
adotsad.bsky.social,60,70,0.001466275659824047,0.0,0.001466275659824047,0.0019550342130987292,0.0,0.0,0.0,0.0008512649162196095,-0.2430634620366618,alcaraz
nbabeau.bsky.social,60,70,0.002932551319648094,0.002932551319648094,0.0,0.002932551319648094,0.002932551319648094,4.306242760129359e-06,0.0,0.0022987124820471896,0.1143872570246458,sinner
did:plc:bqlqe54lvo7dqdwzayrbiyw2,49,35,0.001466275659824047,0.001466275659824047,0.0,0.0019550342130987292,0.0019550342130987292,0.0,0.0,0.0021903056882672483,0.0,neutral
did:plc:iw7z6n45q5xw2rehw2d3veq3,35,12,0.001466275659824047,0.001466275659824047,0.0,0.019518080840342098,0.0019550342130987292,0.0,0.0,0.0018826471937003237,0.0,neutral
reganorwegian.bsky.social,66,16,0.001466275659824047,0.0,0.001466275659824047,0.02268789703819817,0.0,0.0,0.0,0.0008512649162196095,0.0,neutral
marisakabas.bsky.social,66,16,0.010263929618768328,0.010263929618768328,0.0,0.0263624598571634,0.010263929618768328,0.0027516891237226605,0.0,0.005555469505159244,-0.3742092256201431,alcaraz
missmoonlight.bsky.social,61,30,0.002932551319648094,0.001466275659824047,0.001466275659824047,0.0033514872224549644,0.001466275659824047,1.2918728280388077e-05,2.1531213800646797e-06,0.0012131268076765046,0.0256120853126049,neutral
did:plc:72gz5dygi74ou7lx3lb6ehml,61,30,0.001466275659824047,0.001466275659824047,0.0,0.002346041055718475,0.0019550342130987292,0.0,0.0,0.0018826471937003237,0.0,neutral
did:plc:sqfneztmrppffi4jambf7i56,15,19,0.001466275659824047,0.001466275659824047,0.0,0.020922093730979915,0.001466275659824047,0.0,0.0,0.0012131268076765046,0.0,neutral
baseballfrank.bsky.social,61,30,0.002932551319648094,0.0,0.002932551319648094,0.0039100684261974585,0.0,1.7224971040517437e-05,0.0,0.0008512649162196095,-0.0500985163077712,alcaraz
eyepatchguy.bsky.social,61,30,0.002932551319648094,0.001466275659824047,0.001466275659824047,0.0033514872224549644,0.001466275659824047,1.2918728280388077e-05,2.1531213800646797e-06,0.0012131268076765046,-0.2042598257772624,alcaraz
did:plc:sl7i7vh4jhd4fc76rqneb4o6,61,30,0.001466275659824047,0.001466275659824047,0.0,0.002346041055718475,0.0019550342130987292,0.0,0.0,0.0018826471937003237,0.0,neutral
michaeljlewis75.bsky.social,19,13,0.001466275659824047,0.0,0.001466275659824047,0.004398826979472141,0.0,0.0,0.0,0.0008512649162196095,0.0,neutral
wehriskat.bsky.social,50,6,0.001466275659824047,0.0,0.001466275659824047,0.006664889362836577,0.0,0.0,0.0,0.0008512649162196095,0.0988279270939528,sinner
ahboye.bsky.social,62,75,0.001466275659824047,0.0,0.001466275659824047,0.001466275659824047,0.0,0.0,0.0,0.0008512649162196095,0.0,neutral
did:plc:eomvjgoys5dic4b4qlpqzno4,62,75,0.001466275659824047,0.001466275659824047,0.0,0.001466275659824047,0.001466275659824047,0.0,0.0,0.0015749886991333996,0.0,neutral
sspin.bsky.social,63,153,0.001466275659824047,0.0,0.001466275659824047,0.001466275659824047,0.0,0.0,0.0,0.0008512649162196095,-0.1363657426089048,alcaraz
did:plc:kchwyz4mnhxav5e3vyix4bwi,63,153,0.001466275659824047,0.001466275659824047,0.0,0.001466275659824047,0.001466275659824047,0.0,0.0,0.0015749886991333996,0.0,neutral
newmagazinetv.bsky.social,64,48,0.001466275659824047,0.0,0.001466275659824047,0.001466275659824047,0.0,0.0,0.0,0.0008512649162196095,-0.0916440947446972,alcaraz
did:plc:m4s7vildmehe3wprdkp4hqro,64,48,0.001466275659824047,0.001466275659824047,0.0,0.001466275659824047,0.001466275659824047,0.0,0.0,0.0015749886991333996,0.0,neutral
pjsauer.bsky.social,1,9,0.002932551319648094,0.0,0.002932551319648094,0.010107942846446621,0.0,0.0,0.0,0.0008512649162196095,-0.4420282599516213,alcaraz
the2ndserve.bsky.social,1,9,0.002932551319648094,0.001466275659824047,0.001466275659824047,0.010107942846446621,0.001466275659824047,0.0,0.0,0.0012131268076765046,-0.018859615743408,neutral
lesnielbc.bsky.social,65,76,0.001466275659824047,0.0,0.001466275659824047,0.001466275659824047,0.0,0.0,0.0,0.0008512649162196095,0.6009962687734515,sinner
bipolarguide.bsky.social,65,76,0.001466275659824047,0.001466275659824047,0.0,0.001466275659824047,0.001466275659824047,0.0,0.0,0.0015749886991333996,0.4638910500856582,sinner
tenniswatchmpls.bsky.social,66,16,0.002932551319648094,0.002932551319648094,0.0,0.0368855207564885,0.0075091086821292095,0.0035138940922655572,0.0,0.001399199997415814,-0.0478335269202943,neutral
benrothenberg.bsky.social,1,10,0.011730205278592375,0.00879765395894428,0.002932551319648094,0.01696690406367826,0.008980938416422286,0.0005253616167357818,3.0143699320905515e-05,0.005085200819922408,0.0451633469562511,neutral
gutstringtheory.bsky.social,48,45,0.001466275659824047,0.0,0.001466275659824047,0.0219850501658872,0.0,0.0,0.0,0.0008512649162196095,-0.1886877074837684,alcaraz
tennisnewstpn.bsky.social,48,45,0.002932551319648094,0.002932551319648094,0.0,0.025418245678898232,0.002932551319648094,0.00046938046085410014,0.0,0.0019368505905902947,0.0002949001706637,neutral
alexf036.bsky.social,51,24,0.001466275659824047,0.0,0.001466275659824047,0.0026392961876832845,0.0,0.0,0.0,0.0008512649162196095,0.0119187725707888,neutral
dewno.bsky.social,21,38,0.001466275659824047,0.0,0.001466275659824047,0.0026392961876832845,0.0,0.0,0.0,0.0008512649162196095,-0.2396210893988609,alcaraz
aliciaault.bsky.social,67,11,0.005865102639296188,0.0,0.005865102639296188,0.00848345203183913,0.0,9.043109796271654e-05,0.0,0.0008512649162196095,-0.0489984540268778,neutral
did:plc:rjtgrje43s7c5h3wfawacybu,67,11,0.001466275659824047,0.001466275659824047,0.0,0.005398560383897627,0.001466275659824047,0.0,0.0,0.001032195861948057,0.0,neutral
did:plc:fr753mzicrykmvbuytq5ok4c,67,11,0.001466275659824047,0.001466275659824047,0.0,0.005398560383897627,0.001466275659824047,0.0,0.0,0.001032195861948057,0.0,neutral
redmanprime.bsky.social,68,79,0.001466275659824047,0.0,0.001466275659824047,0.001466275659824047,0.0,0.0,0.0,0.0008512649162196095,0.0404877305030822,neutral
alexkirshner.com,68,79,0.001466275659824047,0.001466275659824047,0.0,0.001466275659824047,0.001466275659824047,0.0,0.0,0.0015749886991333996,0.0,neutral
waldogeraldofaldo.bsky.social,69,80,0.001466275659824047,0.0,0.001466275659824047,0.001466275659824047,0.0,0.0,0.0,0.0008512649162196095,0.0,neutral
chrisvannini.com,69,80,0.001466275659824047,0.001466275659824047,0.0,0.001466275659824047,0.001466275659824047,0.0,0.0,0.0015749886991333996,-0.6175947243813426,alcaraz
limowreck.bsky.social,10,33,0.001466275659824047,0.0,0.001466275659824047,0.0026392961876832845,0.0,0.0,0.0,0.0008512649162196095,0.0,neutral
did:plc:scwrdl3lzhvpfnju2lcleqv7,33,17,0.001466275659824047,0.001466275659824047,0.0,0.002932551319648094,0.001466275659824047,0.0,0.0,0.001092506177190873,0.0,neutral
gartmartin9.bsky.social,70,81,0.001466275659824047,0.0,0.001466275659824047,0.001466275659824047,0.0,0.0,0.0,0.0008512649162196095,0.0,neutral
did:plc:nl3orhy4qb5nr53bis2pogxp,70,81,0.001466275659824047,0.001466275659824047,0.0,0.001466275659824047,0.001466275659824047,0.0,0.0,0.0015749886991333996,0.0,neutral
arkquitecture.bsky.social,8,1,0.002932551319648094,0.001466275659824047,0.002932551319648094,0.035842293906810034,0.005913978494623656,0.00046938046085410014,2.3684335180711476e-05,0.0010373381059589188,-0.2662517448266347,alcaraz
did:plc:5hoev7w7tsdbp2okzdjhypy7,8,1,0.001466275659824047,0.001466275659824047,0.0,0.029374065370647295,0.005027230833682447,0.0,0.0,0.0011452461160219654,0.0,neutral
noe-lla.bsky.social,71,82,0.001466275659824047,0.0,0.001466275659824047,0.001466275659824047,0.0,0.0,0.0,0.0008512649162196095,0.0,neutral
did:plc:n56gl6qq74hp4stz7j7uamsn,71,82,0.001466275659824047,0.001466275659824047,0.0,0.001466275659824047,0.001466275659824047,0.0,0.0,0.0015749886991333996,0.0,neutral
hessocrazy.bsky.social,72,83,0.001466275659824047,0.0,0.001466275659824047,0.001466275659824047,0.0,0.0,0.0,0.0008512649162196095,0.0,neutral
applepasta.bsky.social,72,83,0.001466275659824047,0.001466275659824047,0.0,0.001466275659824047,0.001466275659824047,0.0,0.0,0.0015749886991333996,-0.1108978117466904,alcaraz
santimrey.bsky.social,57,20,0.001466275659824047,0.0,0.001466275659824047,0.004398826979472141,0.0,0.0,0.0,0.0008512649162196095,0.0,neutral
garrinchacf.bsky.social,57,20,0.001466275659824047,0.001466275659824047,0.0,0.004398826979472141,0.0019550342130987292,0.0,0.0,0.0011860251092315193,-0.1996921367011964,alcaraz
areader55.bsky.social,50,6,0.002932551319648094,0.0,0.002932551319648094,0.008145975887911373,0.0,6.889988416206975e-05,0.0,0.0008512649162196095,-0.0509934504516422,alcaraz
jesuisso.bsky.social,73,84,0.001466275659824047,0.0,0.001466275659824047,0.001466275659824047,0.0,0.0,0.0,0.0008512649162196095,0.0,neutral
did:plc:yymuj5poutwhmyujwr67l52g,73,84,0.001466275659824047,0.001466275659824047,0.0,0.001466275659824047,0.001466275659824047,0.0,0.0,0.0015749886991333996,0.0,neutral
tennislove23.bsky.social,74,8,0.002932551319648094,0.0,0.002932551319648094,0.023846687478321194,0.0,0.00046938046085410014,0.0,0.0008512649162196095,-0.1356663832773587,alcaraz
groundpass.bsky.social,74,8,0.001466275659824047,0.001466275659824047,0.0,0.020799455432439586,0.001466275659824047,0.0,0.0,0.0012131268076765046,-0.0223647665321117,neutral
twogsds.bsky.social,48,3,0.001466275659824047,0.0,0.001466275659824047,0.03513254551261578,0.0,0.0,0.0,0.0008512649162196095,0.0,neutral
pugaru.bsky.social,48,3,0.001466275659824047,0.0,0.001466275659824047,0.03513254551261578,0.0,0.0,0.0,0.0008512649162196095,0.0,neutral
did:plc:gptfta4qlxvf5twlea2wigl3,34,71,0.001466275659824047,0.001466275659824047,0.0,0.0019550342130987292,0.001466275659824047,0.0,0.0,0.0012131268076765046,0.0,neutral
lindabrownoz.bsky.social,75,27,0.001466275659824047,0.0,0.001466275659824047,0.0026392961876832845,0.0,0.0,0.0,0.0008512649162196095,0.0,neutral
marcuskelson.bsky.social,75,27,0.00439882697947214,0.002932551319648094,0.002932551319648094,0.004398826979472141,0.002932551319648094,1.2918728280388077e-05,6.459364140194039e-06,0.003600151286525687,0.1337846241625291,sinner
julieengbrecht.bsky.social,48,2,0.002932551319648094,0.0,0.002932551319648094,0.02991894685307077,0.0,0.00046938046085410014,0.0,0.0008512649162196095,0.0,neutral
argonproductions.bsky.social,15,19,0.001466275659824047,0.0,0.001466275659824047,0.023943232771755692,0.0,0.0,0.0,0.0008512649162196095,0.0471233210909816,neutral
mastorian11.bsky.social,67,11,0.001466275659824047,0.0,0.001466275659824047,0.00593841642228739,0.0,0.0,0.0,0.0008512649162196095,0.0165215447545051,neutral
conorsen.bsky.social,35,12,0.005865102639296188,0.00439882697947214,0.001466275659824047,0.030071077091306724,0.004398826979472141,0.0013952226542819125,6.459364140194039e-06,0.002539953743018453,0.0,neutral
did:plc:xw6fifagpi73mrinkccd6pmg,35,12,0.001466275659824047,0.001466275659824047,0.0,0.02538188195117449,0.0033514872224549644,0.0,0.0,0.0030107283404457136,0.0,neutral
joseer.bsky.social,76,86,0.001466275659824047,0.0,0.001466275659824047,0.001466275659824047,0.0,0.0,0.0,0.0008512649162196095,0.0,neutral
did:plc:f7ibortyuwq2panmqqsragzs,76,86,0.001466275659824047,0.001466275659824047,0.0,0.001466275659824047,0.001466275659824047,0.0,0.0,0.0015749886991333996,0.0,neutral
willstewart.bsky.social,35,12,0.001466275659824047,0.0,0.001466275659824047,0.02538188195117449,0.0,0.0,0.0,0.0008512649162196095,0.0,neutral
sheepiefarm.bsky.social,28,46,0.001466275659824047,0.0,0.001466275659824047,0.0019550342130987292,0.0,0.0,0.0,0.0008512649162196095,0.0,neutral
djbritstar.bsky.social,48,45,0.002932551319648094,0.0,0.002932551319648094,0.030020195404180997,0.0,0.0009301484361879417,0.0,0.0008512649162196095,-0.6273940218146891,alcaraz
palmi.bsky.social,15,5,0.001466275659824047,0.0,0.001466275659824047,0.021324441687344913,0.0,0.0,0.0,0.0008512649162196095,0.169389297068119,sinner
did:plc:jr27yv33cdp7eyafqfh4edy2,15,5,0.002932551319648094,0.002932551319648094,0.0,0.02453932985321019,0.004226323960669311,0.00046938046085410014,0.0,0.0018803304673704407,0.0,neutral
mclaudia51.bsky.social,77,87,0.001466275659824047,0.0,0.001466275659824047,0.001466275659824047,0.0,0.0,0.0,0.0008512649162196095,-0.3491948386654258,alcaraz
ilpost.it,77,87,0.001466275659824047,0.001466275659824047,0.0,0.001466275659824047,0.001466275659824047,0.0,0.0,0.0015749886991333996,0.0148432566445659,neutral
jfpinard.bsky.social,78,65,0.001466275659824047,0.0,0.001466275659824047,0.0019550342130987292,0.0,0.0,0.0,0.0008512649162196095,0.0,neutral
nicholasrichard.bsky.social,78,65,0.002932551319648094,0.002932551319648094,0.0,0.002932551319648094,0.002932551319648094,4.306242760129359e-06,0.0,0.0022987124820471896,-0.0314522287808358,neutral
thezeng.bsky.social,35,12,0.001466275659824047,0.0,0.001466275659824047,0.02538188195117449,0.0,0.0,0.0,0.0008512649162196095,0.0,neutral
morelj.bsky.social,78,65,0.001466275659824047,0.0,0.001466275659824047,0.0019550342130987292,0.0,0.0,0.0,0.0008512649162196095,0.0,neutral
orfez.bsky.social,48,2,0.001466275659824047,0.0,0.001466275659824047,0.029818378964489023,0.0,0.0,0.0,0.0008512649162196095,0.0,neutral
sportslover3.bsky.social,48,3,0.001466275659824047,0.0,0.001466275659824047,0.03513254551261578,0.0,0.0,0.0,0.0008512649162196095,0.1355680373683571,sinner
somesteve.bsky.social,48,3,0.001466275659824047,0.0,0.001466275659824047,0.03513254551261578,0.0,0.0,0.0,0.0008512649162196095,0.0,neutral
yomammary.org,79,89,0.001466275659824047,0.0,0.001466275659824047,0.001466275659824047,0.0,0.0,0.0,0.0008512649162196095,0.278292016685009,sinner
did:plc:4rsdzazq3svvf3zeyv23sprs,79,89,0.001466275659824047,0.001466275659824047,0.0,0.001466275659824047,0.001466275659824047,0.0,0.0,0.0015749886991333996,0.0,neutral
twointheschink.bsky.social,80,90,0.001466275659824047,0.0,0.001466275659824047,0.001466275659824047,0.0,0.0,0.0,0.0008512649162196095,0.6327840640209615,sinner
cambi3.bsky.social,80,90,0.001466275659824047,0.001466275659824047,0.0,0.001466275659824047,0.001466275659824047,0.0,0.0,0.0015749886991333996,0.1489820817485451,sinner
memles.bsky.social,81,91,0.001466275659824047,0.0,0.001466275659824047,0.001466275659824047,0.0,0.0,0.0,0.0008512649162196095,0.0,neutral
did:plc:wb3uugiv7q2tfdtubjz2ht5z,81,91,0.001466275659824047,0.001466275659824047,0.0,0.001466275659824047,0.001466275659824047,0.0,0.0,0.0015749886991333996,0.0,neutral
jackbrat.bsky.social,82,92,0.001466275659824047,0.0,0.001466275659824047,0.001466275659824047,0.0,0.0,0.0,0.0008512649162196095,0.2033825573278591,sinner
chrisjamessauve.bsky.social,82,92,0.001466275659824047,0.001466275659824047,0.0,0.001466275659824047,0.001466275659824047,0.0,0.0,0.0015749886991333996,-0.0971645885147154,alcaraz
hanongnyc.bsky.social,19,13,0.001466275659824047,0.0,0.001466275659824047,0.004398826979472141,0.0,0.0,0.0,0.0008512649162196095,0.0,neutral
gurnika.bsky.social,48,2,0.001466275659824047,0.0,0.001466275659824047,0.025491286614757136,0.0,0.0,0.0,0.0008512649162196095,-0.1371920187375508,alcaraz
valerien-k.bsky.social,48,3,0.001466275659824047,0.0,0.001466275659824047,0.03513254551261578,0.0,0.0,0.0,0.0008512649162196095,0.0,neutral
bklynskater.bsky.social,83,93,0.001466275659824047,0.0,0.001466275659824047,0.001466275659824047,0.0,0.0,0.0,0.0008512649162196095,0.0,neutral
did:plc:nb6uhiglzowsdcbgwv2itwa7,83,93,0.001466275659824047,0.001466275659824047,0.0,0.001466275659824047,0.001466275659824047,0.0,0.0,0.0015749886991333996,0.0,neutral
juliemarion27.bsky.social,84,94,0.001466275659824047,0.0,0.001466275659824047,0.001466275659824047,0.0,0.0,0.0,0.0008512649162196095,-0.3051758936140686,alcaraz
did:plc:f4h7j5mublkx4wf4lubey55q,84,94,0.001466275659824047,0.001466275659824047,0.0,0.001466275659824047,0.001466275659824047,0.0,0.0,0.0015749886991333996,0.0,neutral
bluemanforever.bsky.social,75,27,0.001466275659824047,0.001466275659824047,0.001466275659824047,0.0026392961876832845,0.0019550342130987292,0.0,0.0,0.0023817958405394995,0.0,neutral
iconoclast88.bsky.social,85,95,0.001466275659824047,0.0,0.001466275659824047,0.001466275659824047,0.0,0.0,0.0,0.0008512649162196095,-0.3394991993904114,alcaraz
did:plc:4dshptvg3bdvxy7zyazf2wod,85,95,0.001466275659824047,0.001466275659824047,0.0,0.001466275659824047,0.001466275659824047,0.0,0.0,0.0015749886991333996,0.0,neutral
onehandinmypocket.bsky.social,8,1,0.002932551319648094,0.001466275659824047,0.002932551319648094,0.03249438733309701,0.007392473118279569,0.00430624276012936,4.736867036142295e-05,0.0022537025840613243,0.0,neutral
yodigono.bsky.social,57,20,0.001466275659824047,0.0,0.001466275659824047,0.003519061583577713,0.0,0.0,0.0,0.0008512649162196095,0.0,neutral
2asnme.bsky.social,48,3,0.001466275659824047,0.0,0.001466275659824047,0.03513254551261578,0.0,0.0,0.0,0.0008512649162196095,0.0,neutral
wp410.bsky.social,8,1,0.001466275659824047,0.001466275659824047,0.001466275659824047,0.031346175766556475,0.007392473118279569,0.0,0.0,0.0022537025840613243,-0.0796981094280878,alcaraz
hwhittam.bsky.social,48,3,0.001466275659824047,0.0,0.001466275659824047,0.03513254551261578,0.0,0.0,0.0,0.0008512649162196095,0.0,neutral
markposts.bsky.social,1,9,0.001466275659824047,0.0,0.001466275659824047,0.009897360703812317,0.0,0.0,0.0,0.0008512649162196095,0.0,neutral
did:plc:ozohcw5p275oaxegtfo5pfi3,8,1,0.001466275659824047,0.001466275659824047,0.0,0.031346175766556475,0.0081209113467178,0.0,0.0,0.0022537025840613243,0.0,neutral
roastlamb.bsky.social,74,8,0.002932551319648094,0.0,0.002932551319648094,0.023910964263977045,0.0,0.0009301484361879417,0.0,0.0008512649162196095,0.6281985469162464,sinner
thetennisgazette.com,74,8,0.002932551319648094,0.002932551319648094,0.0,0.020897450511037655,0.002932551319648094,0.00046938046085410014,0.0,0.0019368505905902947,-0.1120967681049175,alcaraz
robertocastillo.bsky.social,86,96,0.001466275659824047,0.0,0.001466275659824047,0.001466275659824047,0.0,0.0,0.0,0.0008512649162196095,-0.0174242295324802,neutral
did:plc:bwgiddljs33lvq2mhax33cyf,86,96,0.001466275659824047,0.001466275659824047,0.0,0.001466275659824047,0.001466275659824047,0.0,0.0,0.0015749886991333996,0.0,neutral
playitkul.bsky.social,87,97,0.001466275659824047,0.0,0.001466275659824047,0.001466275659824047,0.0,0.0,0.0,0.0008512649162196095,0.0,neutral
johnhollinger.bsky.social,87,97,0.001466275659824047,0.001466275659824047,0.0,0.001466275659824047,0.001466275659824047,0.0,0.0,0.0015749886991333996,0.0,neutral
sdpp24.bsky.social,88,98,0.001466275659824047,0.0,0.001466275659824047,0.001466275659824047,0.0,0.0,0.0,0.0008512649162196095,-0.4744592361152172,alcaraz
did:plc:xhhtxra7sqlzdqnzah2fd23u,88,98,0.001466275659824047,0.001466275659824047,0.0,0.001466275659824047,0.001466275659824047,0.0,0.0,0.0015749886991333996,0.0,neutral
clm76.bsky.social,8,1,0.001466275659824047,0.0,0.001466275659824047,0.031346175766556475,0.0,0.0,0.0,0.0008512649162196095,0.0,neutral
hotsaucephd.bsky.social,66,16,0.001466275659824047,0.0,0.001466275659824047,0.02268789703819817,0.0,0.0,0.0,0.0008512649162196095,0.0,neutral
jordanross.bsky.social,89,99,0.001466275659824047,0.0,0.001466275659824047,0.001466275659824047,0.0,0.0,0.0,0.0008512649162196095,0.5088975192978978,sinner
did:plc:wlnedccyt3aefs5qda2ufc54,89,99,0.001466275659824047,0.001466275659824047,0.0,0.001466275659824047,0.001466275659824047,0.0,0.0,0.0015749886991333996,0.0,neutral
loganhspants.bsky.social,8,1,0.001466275659824047,0.0,0.001466275659824047,0.0263624598571634,0.0,0.0,0.0,0.0008512649162196095,-0.1126055773114785,alcaraz
kevenle91.bsky.social,90,100,0.001466275659824047,0.0,0.001466275659824047,0.001466275659824047,0.0,0.0,0.0,0.0008512649162196095,0.0,neutral
tvanouvelles.ca,90,100,0.001466275659824047,0.001466275659824047,0.0,0.001466275659824047,0.001466275659824047,0.0,0.0,0.0015749886991333996,0.1681675115600228,sinner
clutchscience.bsky.social,91,101,0.001466275659824047,0.0,0.001466275659824047,0.001466275659824047,0.0,0.0,0.0,0.0008512649162196095,0.0,neutral
rolandgarros.com,91,101,0.001466275659824047,0.001466275659824047,0.0,0.001466275659824047,0.001466275659824047,0.0,0.0,0.0015749886991333996,-0.0425125762208461,neutral
alikuis.bsky.social,74,8,0.001466275659824047,0.0,0.001466275659824047,0.018519765640783892,0.0,0.0,0.0,0.0008512649162196095,0.2968790311366319,sinner
bertin.bsky.social,1,10,0.002932551319648094,0.001466275659824047,0.001466275659824047,0.011048216599604447,0.001466275659824047,7.320612692219911e-05,6.459364140194039e-06,0.0015749886991333996,0.0,neutral
bz1336.bsky.social,92,102,0.001466275659824047,0.0,0.001466275659824047,0.001466275659824047,0.0,0.0,0.0,0.0008512649162196095,0.0,neutral
did:plc:alvekdfmgvcjb2ng4plxmta6,92,102,0.001466275659824047,0.001466275659824047,0.0,0.001466275659824047,0.001466275659824047,0.0,0.0,0.0015749886991333996,0.0,neutral
songbirdann.bsky.social,93,103,0.001466275659824047,0.0,0.001466275659824047,0.001466275659824047,0.0,0.0,0.0,0.0008512649162196095,0.0,neutral
did:plc:dps5knuqjkybgklyaixbptsq,93,103,0.001466275659824047,0.001466275659824047,0.0,0.001466275659824047,0.001466275659824047,0.0,0.0,0.0015749886991333996,0.0,neutral
molly57.bsky.social,67,11,0.001466275659824047,0.0,0.001466275659824047,0.00593841642228739,0.0,0.0,0.0,0.0008512649162196095,-0.1724911570549011,alcaraz
did:plc:2icgnppz6t6y6sjwnji4ypja,48,2,0.001466275659824047,0.001466275659824047,0.0,0.02527341237018656,0.001466275659824047,0.0,0.0,0.0012131268076765046,0.0,neutral
wheatbackforge.bsky.social,1,10,0.001466275659824047,0.0,0.001466275659824047,0.01055718475073314,0.0,0.0,0.0,0.0008512649162196095,0.0,neutral
tadeue.bsky.social,1,10,0.001466275659824047,0.0,0.001466275659824047,0.007917888563049853,0.0,0.0,0.0,0.0008512649162196095,0.1485561164095998,sinner
vocalicpage.bsky.social,67,11,0.001466275659824047,0.0,0.001466275659824047,0.00593841642228739,0.0,0.0,0.0,0.0008512649162196095,0.0,neutral
merrittkelly1.bsky.social,94,104,0.001466275659824047,0.0,0.001466275659824047,0.001466275659824047,0.0,0.0,0.0,0.0008512649162196095,0.0,neutral
did:plc:xxslygdp3gwz5vgarmiuk77m,94,104,0.001466275659824047,0.001466275659824047,0.0,0.001466275659824047,0.001466275659824047,0.0,0.0,0.0015749886991333996,0.0,neutral
bellikoff.bsky.social,1,10,0.001466275659824047,0.0,0.001466275659824047,0.01055718475073314,0.0,0.0,0.0,0.0008512649162196095,0.0,neutral
bippyboo1.bsky.social,50,6,0.001466275659824047,0.0,0.001466275659824047,0.006664889362836577,0.0,0.0,0.0,0.0008512649162196095,-0.0452376406756229,neutral
millennialpusheen.bsky.social,50,6,0.001466275659824047,0.0,0.001466275659824047,0.006664889362836577,0.0,0.0,0.0,0.0008512649162196095,0.0,neutral
yourauntifa.bsky.social,95,14,0.002932551319648094,0.0,0.002932551319648094,0.006986372261514577,0.0,8.612485520258719e-05,0.0,0.0008512649162196095,-0.3960740113107022,alcaraz
mikesacks.bsky.social,95,14,0.00439882697947214,0.00439882697947214,0.0,0.006250964655039358,0.004398826979472141,8.612485520258719e-05,0.0,0.0022987124820471896,0.0,neutral
wildstreet.bsky.social,95,14,0.002932551319648094,0.0,0.002932551319648094,0.004750733137829912,0.0,3.4449942081034875e-05,0.0,0.0008512649162196095,0.0,neutral
philblackwell.bsky.social,1,10,0.002932551319648094,0.0,0.002932551319648094,0.011048216599604447,0.0,7.320612692219911e-05,0.0,0.0008512649162196095,-0.0745939780026674,alcaraz
did:plc:k76kxb5d5tr4kpgas7tj6oic,50,6,0.001466275659824047,0.001466275659824047,0.0,0.006664889362836577,0.004798720341242336,0.0,0.0,0.002015481660891646,0.0,neutral
stephenlg.bsky.social,95,14,0.001466275659824047,0.0,0.001466275659824047,0.00439882697947214,0.0,0.0,0.0,0.0008512649162196095,0.0,neutral
drjasonharrison.bsky.social,66,16,0.001466275659824047,0.0,0.001466275659824047,0.02268789703819817,0.0,0.0,0.0,0.0008512649162196095,0.0,neutral
castlebravoli7.gobirds.online,96,106,0.001466275659824047,0.0,0.001466275659824047,0.001466275659824047,0.0,0.0,0.0,0.0008512649162196095,0.0,neutral
did:plc:uswcr2xfahfhpe2sdruef3hg,96,106,0.001466275659824047,0.001466275659824047,0.0,0.001466275659824047,0.001466275659824047,0.0,0.0,0.0015749886991333996,0.0,neutral
v-ron.bsky.social,105,26,0.001466275659824047,0.0,0.001466275659824047,0.002932551319648094,0.0,0.0,0.0,0.0008512649162196095,0.0,neutral
thetnholler.bsky.social,105,26,0.00439882697947214,0.00439882697947214,0.0,0.00469208211143695,0.004398826979472141,2.1531213800646798e-05,0.0,0.0026605743735040846,0.0,neutral
okokjepars.bsky.social,53,63,0.001466275659824047,0.0,0.001466275659824047,0.0019550342130987292,0.0,0.0,0.0,0.0008512649162196095,0.1193681523203849,sinner
taurusasaurus.bsky.social,97,56,0.001466275659824047,0.0,0.001466275659824047,0.0019550342130987292,0.0,0.0,0.0,0.0008512649162196095,0.0,neutral
did:plc:t6ubj2wlhc34awzcymh3qpur,97,56,0.002932551319648094,0.002932551319648094,0.0,0.002932551319648094,0.002932551319648094,4.306242760129359e-06,0.0,0.0022987124820471896,0.0,neutral
dqscribbler.bsky.social,105,26,0.001466275659824047,0.0,0.001466275659824047,0.002932551319648094,0.0,0.0,0.0,0.0008512649162196095,0.0,neutral
kingteenmusic.bsky.social,98,109,0.001466275659824047,0.0,0.001466275659824047,0.001466275659824047,0.0,0.0,0.0,0.0008512649162196095,-0.1506808787584304,alcaraz
did:plc:h7r53cxpc7vi3yb5lpqjzo56,98,109,0.001466275659824047,0.001466275659824047,0.0,0.001466275659824047,0.001466275659824047,0.0,0.0,0.0015749886991333996,0.0,neutral
bethduttonjustice.bsky.social,99,21,0.001466275659824047,0.0,0.001466275659824047,0.004798720341242336,0.0,0.0,0.0,0.0008512649162196095,-0.3116931616328656,alcaraz
did:plc:4lx6nur5wstwoc4wtgj56kyu,99,21,0.00879765395894428,0.00879765395894428,0.0,0.008797653958944282,0.008797653958944282,6.459364140194039e-05,0.0,0.00519360761370235,0.0,neutral
mbbrownsf.bsky.social,100,53,0.001466275659824047,0.0,0.001466275659824047,0.0019550342130987292,0.0,0.0,0.0,0.0008512649162196095,0.0,neutral
did:plc:oqujfbkk7wd5elnde6r3tas6,100,53,0.002932551319648094,0.002932551319648094,0.0,0.002932551319648094,0.002932551319648094,4.306242760129359e-06,0.0,0.0022987124820471896,0.0,neutral
prismascuro.bsky.social,100,53,0.001466275659824047,0.0,0.001466275659824047,0.0019550342130987292,0.0,0.0,0.0,0.0008512649162196095,0.5594481416977942,sinner
alanthomas81.bsky.social,99,21,0.001466275659824047,0.0,0.001466275659824047,0.004798720341242336,0.0,0.0,0.0,0.0008512649162196095,-0.1634399801492691,alcaraz
jackhennesanity.bsky.social,101,49,0.001466275659824047,0.0,0.001466275659824047,0.0019550342130987292,0.0,0.0,0.0,0.0008512649162196095,0.0,neutral
did:plc:ooq4grlnq6oduygewsvi5ub7,101,49,0.002932551319648094,0.002932551319648094,0.0,0.002932551319648094,0.002932551319648094,4.306242760129359e-06,0.0,0.0022987124820471896,0.0,neutral
victoriola.bsky.social,220,15,0.001466275659824047,0.0,0.001466275659824047,0.025309465740186828,0.0,0.0,0.0,0.0008512649162196095,-0.0629785344004631,alcaraz
did:plc:cn44bowdp4n6yey5wpa47j4n,220,15,0.005865102639296188,0.005865102639296188,0.0,0.029969485614646903,0.005865102639296188,0.0013952226542819125,0.0,0.003263677525932243,0.0,neutral
rowan.monster,102,113,0.001466275659824047,0.0,0.001466275659824047,0.001466275659824047,0.0,0.0,0.0,0.0008512649162196095,0.0,neutral
mattiekaiser.bsky.social,102,113,0.001466275659824047,0.001466275659824047,0.0,0.001466275659824047,0.001466275659824047,0.0,0.0,0.0015749886991333996,-0.1751461079344153,alcaraz
hawkandhare.bsky.social,103,43,0.00439882697947214,0.0,0.00439882697947214,0.004398826979472141,0.0,1.2918728280388077e-05,0.0,0.0008512649162196095,0.0,neutral
did:plc:6y2b4lqfw2j3oyycegx3ey7q,103,43,0.001466275659824047,0.001466275659824047,0.0,0.0026392961876832845,0.001466275659824047,0.0,0.0,0.001092506177190873,0.0,neutral
did:plc:doikg7uflz43l7ahwss24qbh,103,43,0.001466275659824047,0.001466275659824047,0.0,0.0026392961876832845,0.001466275659824047,0.0,0.0,0.001092506177190873,0.0,neutral
aimeety.bsky.social,99,21,0.001466275659824047,0.0,0.001466275659824047,0.004798720341242336,0.0,0.0,0.0,0.0008512649162196095,0.0,neutral
bungalofidelity.bsky.social,101,49,0.001466275659824047,0.0,0.001466275659824047,0.0019550342130987292,0.0,0.0,0.0,0.0008512649162196095,0.0,neutral
luvtennis.bsky.social,104,115,0.001466275659824047,0.0,0.001466275659824047,0.001466275659824047,0.0,0.0,0.0,0.0008512649162196095,0.0,neutral
did:plc:7v4o5coad2mfvglx6u2kxsci,104,115,0.001466275659824047,0.001466275659824047,0.0,0.001466275659824047,0.001466275659824047,0.0,0.0,0.0015749886991333996,0.0,neutral
did:plc:l5xjg3lfbjy5ks7sb74jxfxn,103,43,0.001466275659824047,0.001466275659824047,0.0,0.0026392961876832845,0.001466275659824047,0.0,0.0,0.001092506177190873,0.0,neutral
thunderstorming.bsky.social,105,26,0.002932551319648094,0.0,0.002932551319648094,0.0039100684261974585,0.0,1.2918728280388077e-05,0.0,0.0008512649162196095,0.0,neutral
did:plc:g2lyadjxzhgxulp3bq6zraiu,105,26,0.001466275659824047,0.001466275659824047,0.0,0.002606712284131639,0.001466275659824047,0.0,0.0,0.0012131268076765046,0.0,neutral
ilikecheese8888.bsky.social,106,231,0.001466275659824047,0.0,0.001466275659824047,0.001466275659824047,0.0,0.0,0.0,0.0008512649162196095,0.0,neutral
did:plc:nkeucykupyltof6r6h36aznx,106,231,0.001466275659824047,0.001466275659824047,0.0,0.001466275659824047,0.001466275659824047,0.0,0.0,0.0015749886991333996,0.0,neutral
lazlocarreidas.bsky.social,107,73,0.001466275659824047,0.0,0.001466275659824047,0.001466275659824047,0.0,0.0,0.0,0.0008512649162196095,0.0,neutral
did:plc:do46s3u6h22vzu6nogkm4rc7,107,73,0.001466275659824047,0.001466275659824047,0.0,0.001466275659824047,0.001466275659824047,0.0,0.0,0.0015749886991333996,0.0,neutral
laurieboy.bsky.social,108,118,0.001466275659824047,0.0,0.001466275659824047,0.001466275659824047,0.0,0.0,0.0,0.0008512649162196095,-0.3971877308562398,alcaraz
did:plc:ng7mce4bq53nt7btxewl6sv7,108,118,0.001466275659824047,0.001466275659824047,0.0,0.001466275659824047,0.001466275659824047,0.0,0.0,0.0015749886991333996,0.0,neutral
elkeoudendijk.bsky.social,109,119,0.001466275659824047,0.0,0.001466275659824047,0.001466275659824047,0.0,0.0,0.0,0.0008512649162196095,0.0,neutral
did:plc:zeamdwswtdisnbelsijc4fxz,109,119,0.001466275659824047,0.001466275659824047,0.0,0.001466275659824047,0.001466275659824047,0.0,0.0,0.0015749886991333996,0.0,neutral
rachb23.bsky.social,110,120,0.001466275659824047,0.0,0.001466275659824047,0.001466275659824047,0.0,0.0,0.0,0.0008512649162196095,0.1021301209926605,sinner
did:plc:tgzwh24tcyg3s3spxxsxrbav,110,120,0.001466275659824047,0.001466275659824047,0.0,0.001466275659824047,0.001466275659824047,0.0,0.0,0.0015749886991333996,0.0,neutral
davidjacobsgib.bsky.social,111,121,0.001466275659824047,0.0,0.001466275659824047,0.001466275659824047,0.0,0.0,0.0,0.0008512649162196095,0.0,neutral
did:plc:4fjlxgdpuqxfqnzvvbj56q5f,111,121,0.001466275659824047,0.001466275659824047,0.0,0.001466275659824047,0.001466275659824047,0.0,0.0,0.0015749886991333996,0.0,neutral
netfortius.bsky.social,1,10,0.001466275659824047,0.0,0.001466275659824047,0.01055718475073314,0.0,0.0,0.0,0.0008512649162196095,0.0216129872947931,neutral
streetglimpses.bsky.social,66,16,0.001466275659824047,0.0,0.001466275659824047,0.02268789703819817,0.0,0.0,0.0,0.0008512649162196095,0.0,neutral
marciebianco.bsky.social,95,14,0.001466275659824047,0.0,0.001466275659824047,0.004750733137829912,0.0,0.0,0.0,0.0008512649162196095,-0.3035190127789974,alcaraz
charlotteclymer.bsky.social,95,14,0.007331378299120235,0.007331378299120235,0.0,0.006986372261514577,0.007331378299120235,0.00011196231176336334,0.0,0.004108021939331664,0.6310507765505463,sinner
banner19.bsky.social,112,122,0.001466275659824047,0.0,0.001466275659824047,0.001466275659824047,0.0,0.0,0.0,0.0008512649162196095,0.0,neutral
newsweek.com,112,122,0.001466275659824047,0.001466275659824047,0.0,0.001466275659824047,0.001466275659824047,0.0,0.0,0.0015749886991333996,0.1151282792387064,sinner
did:plc:5h7ovjxfdb5qu5ilz4hd4xnr,1,10,0.001466275659824047,0.001466275659824047,0.0,0.007917888563049853,0.001466275659824047,0.0,0.0,0.0012131268076765046,0.0,neutral
dave845.bsky.social,113,123,0.001466275659824047,0.0,0.001466275659824047,0.001466275659824047,0.0,0.0,0.0,0.0008512649162196095,0.0,neutral
did:plc:4pon6zyd7tyyp7gpjbktus4j,113,123,0.001466275659824047,0.001466275659824047,0.0,0.001466275659824047,0.001466275659824047,0.0,0.0,0.0015749886991333996,0.0,neutral
ruedigerrabe.bsky.social,114,124,0.001466275659824047,0.0,0.001466275659824047,0.001466275659824047,0.0,0.0,0.0,0.0008512649162196095,-0.0756215499714016,alcaraz
did:plc:tsbblb4cofxc24aigmle2wqh,114,124,0.001466275659824047,0.001466275659824047,0.0,0.001466275659824047,0.001466275659824047,0.0,0.0,0.0015749886991333996,0.0,neutral
rlynner.bsky.social,115,31,0.002932551319648094,0.0,0.002932551319648094,0.0039100684261974585,0.0,1.2918728280388077e-05,0.0,0.0008512649162196095,0.0,neutral
ashton7sloan.bsky.social,115,31,0.001466275659824047,0.001466275659824047,0.0,0.002606712284131639,0.001466275659824047,0.0,0.0,0.0012131268076765046,0.0,neutral
reichhol.bsky.social,115,31,0.001466275659824047,0.0,0.001466275659824047,0.002932551319648094,0.0,0.0,0.0,0.0008512649162196095,0.0,neutral
patti3333.bsky.social,115,31,0.00439882697947214,0.00439882697947214,0.0,0.00469208211143695,0.004398826979472141,2.1531213800646798e-05,0.0,0.002660574373504085,0.275980367232114,sinner
josephpgillis.bsky.social,116,126,0.001466275659824047,0.0,0.001466275659824047,0.001466275659824047,0.0,0.0,0.0,0.0008512649162196095,0.0,neutral
did:plc:tfdwrooh2p3uu73rxqcn6mt5,116,126,0.001466275659824047,0.001466275659824047,0.0,0.001466275659824047,0.001466275659824047,0.0,0.0,0.0015749886991333996,0.0,neutral
mtj333.bsky.social,115,31,0.001466275659824047,0.0,0.001466275659824047,0.002932551319648094,0.0,0.0,0.0,0.0008512649162196095,0.0,neutral
dely56.bsky.social,117,127,0.001466275659824047,0.0,0.001466275659824047,0.001466275659824047,0.0,0.0,0.0,0.0008512649162196095,0.0,neutral
did:plc:7fbcmcv5z6zxjqropcrui3r3,117,127,0.001466275659824047,0.001466275659824047,0.0,0.001466275659824047,0.001466275659824047,0.0,0.0,0.0015749886991333996,0.0,neutral
queyeoh.bsky.social,6,7,0.002932551319648094,0.0,0.002932551319648094,0.007423020527859238,0.0,3.4449942081034875e-05,0.0,0.0008512649162196095,0.0,neutral
did:plc:cgtt2xmdufwgh6msvt7vvpg2,6,7,0.001466275659824047,0.001466275659824047,0.0,0.004948680351906158,0.001466275659824047,0.0,0.0,0.0012131268076765046,0.0,neutral
audrey2024.bsky.social,118,128,0.001466275659824047,0.0,0.001466275659824047,0.001466275659824047,0.0,0.0,0.0,0.0008512649162196095,-0.3109051998704671,alcaraz
did:plc:urrjvjmc7sowchg3ph322pbr,118,128,0.001466275659824047,0.001466275659824047,0.0,0.001466275659824047,0.001466275659824047,0.0,0.0,0.0015749886991333996,0.0,neutral
tmwillia.bsky.social,119,41,0.001466275659824047,0.0,0.001466275659824047,0.0026392961876832845,0.0,0.0,0.0,0.0008512649162196095,-0.2808100819587708,alcaraz
nancylevinestearns.bsky.social,119,41,0.00439882697947214,0.00439882697947214,0.0,0.004398826979472141,0.004398826979472141,1.2918728280388077e-05,0.0,0.0030224362649609797,-0.0063894214108586,neutral
conaturegal.bsky.social,120,130,0.001466275659824047,0.0,0.001466275659824047,0.001466275659824047,0.0,0.0,0.0,0.0008512649162196095,0.0,neutral
did:plc:xj6ougogplaao6yny73n547u,120,130,0.001466275659824047,0.001466275659824047,0.0,0.001466275659824047,0.001466275659824047,0.0,0.0,0.0015749886991333996,0.0,neutral
ssnowsball.bsky.social,121,131,0.001466275659824047,0.0,0.001466275659824047,0.001466275659824047,0.0,0.0,0.0,0.0008512649162196095,-0.4132624763064086,alcaraz
did:plc:7yxi3wxj576zzcschfejc7un,121,131,0.001466275659824047,0.001466275659824047,0.0,0.001466275659824047,0.001466275659824047,0.0,0.0,0.0015749886991333996,0.0,neutral
icdb.tv,122,132,0.001466275659824047,0.0,0.001466275659824047,0.001466275659824047,0.0,0.0,0.0,0.0008512649162196095,0.0030173219688401,neutral
did:plc:jqoba7wy332llaalga4lvkok,122,132,0.001466275659824047,0.001466275659824047,0.0,0.001466275659824047,0.001466275659824047,0.0,0.0,0.0015749886991333996,0.0,neutral
whatsthatsound.bsky.social,123,133,0.001466275659824047,0.0,0.001466275659824047,0.001466275659824047,0.0,0.0,0.0,0.0008512649162196095,-0.310348148830235,alcaraz
did:plc:epubovkxmnx3rmesbdrfdsto,123,133,0.001466275659824047,0.001466275659824047,0.0,0.001466275659824047,0.001466275659824047,0.0,0.0,0.0015749886991333996,0.0,neutral
climatemd.bsky.social,124,134,0.001466275659824047,0.0,0.001466275659824047,0.001466275659824047,0.0,0.0,0.0,0.0008512649162196095,0.0,neutral
did:plc:7zx5amooszkv4bxzobjnqmpc,124,134,0.001466275659824047,0.001466275659824047,0.0,0.001466275659824047,0.001466275659824047,0.0,0.0,0.0015749886991333996,0.0,neutral
luciatrujillo.bsky.social,125,135,0.001466275659824047,0.0,0.001466275659824047,0.001466275659824047,0.0,0.0,0.0,0.0008512649162196095,-0.2694627811200917,alcaraz
did:plc:zafyme2jyaxdxvxwstp4gg6r,125,135,0.001466275659824047,0.001466275659824047,0.0,0.001466275659824047,0.001466275659824047,0.0,0.0,0.0015749886991333996,0.0,neutral
kcdisneyfan.bsky.social,126,136,0.001466275659824047,0.0,0.001466275659824047,0.001466275659824047,0.0,0.0,0.0,0.0008512649162196095,0.0,neutral
ebyrdstarr.bsky.social,126,136,0.001466275659824047,0.001466275659824047,0.0,0.001466275659824047,0.001466275659824047,0.0,0.0,0.0015749886991333996,0.0,neutral
allcaps-22.bsky.social,66,16,0.002932551319648094,0.0,0.002932551319648094,0.03080197132616487,0.0,0.003104801030053268,0.0,0.0008512649162196095,0.0,neutral
mkforeverblue.bsky.social,127,137,0.001466275659824047,0.0,0.001466275659824047,0.001466275659824047,0.0,0.0,0.0,0.0008512649162196095,0.0,neutral
did:plc:b2ljlrox4c32kpi5roefj4dr,127,137,0.001466275659824047,0.001466275659824047,0.0,0.001466275659824047,0.001466275659824047,0.0,0.0,0.0015749886991333996,0.0,neutral
mokushima.bsky.social,128,138,0.001466275659824047,0.0,0.001466275659824047,0.001466275659824047,0.0,0.0,0.0,0.0008512649162196095,0.0,neutral
did:plc:477rnpqffrg4vayxgmu22v5u,128,138,0.001466275659824047,0.001466275659824047,0.0,0.001466275659824047,0.001466275659824047,0.0,0.0,0.0015749886991333996,0.0,neutral
timothyjmcl.bsky.social,129,139,0.001466275659824047,0.0,0.001466275659824047,0.001466275659824047,0.0,0.0,0.0,0.0008512649162196095,-0.3127937983721495,alcaraz
itsonlyzach.bsky.social,129,139,0.001466275659824047,0.001466275659824047,0.0,0.001466275659824047,0.001466275659824047,0.0,0.0,0.0015749886991333996,-0.6216671430505812,alcaraz
did:plc:cofcmyn4fv2rypefphslgraf,75,27,0.001466275659824047,0.001466275659824047,0.0,0.0026392961876832845,0.0026392961876832845,0.0,0.0,0.0023817958405394995,0.0,neutral
mixrogers.bsky.social,130,140,0.001466275659824047,0.0,0.001466275659824047,0.001466275659824047,0.0,0.0,0.0,0.0008512649162196095,0.0,neutral
jordanpfot.bsky.social,130,140,0.001466275659824047,0.001466275659824047,0.0,0.001466275659824047,0.001466275659824047,0.0,0.0,0.0015749886991333996,-0.1809924557805061,alcaraz
hic-sunt-leones.bsky.social,131,141,0.001466275659824047,0.0,0.001466275659824047,0.001466275659824047,0.0,0.0,0.0,0.0008512649162196095,0.0,neutral
did:plc:getwbouwtt5nspdormv2tbp6,131,141,0.001466275659824047,0.001466275659824047,0.0,0.001466275659824047,0.001466275659824047,0.0,0.0,0.0015749886991333996,0.0,neutral
stefanosmcrvg1898.bsky.social,132,142,0.001466275659824047,0.0,0.001466275659824047,0.001466275659824047,0.0,0.0,0.0,0.0008512649162196095,0.0,neutral
did:plc:ptxhugltvolqqtspdaylwn5t,132,142,0.001466275659824047,0.001466275659824047,0.0,0.001466275659824047,0.001466275659824047,0.0,0.0,0.0015749886991333996,0.0,neutral
uxchampion.bsky.social,133,143,0.001466275659824047,0.0,0.001466275659824047,0.001466275659824047,0.0,0.0,0.0,0.0008512649162196095,0.0,neutral
davidcorn.bsky.social,133,143,0.001466275659824047,0.001466275659824047,0.0,0.001466275659824047,0.001466275659824047,0.0,0.0,0.0015749886991333996,0.0,neutral
fraochs2.bsky.social,119,41,0.001466275659824047,0.0,0.001466275659824047,0.0026392961876832845,0.0,0.0,0.0,0.0008512649162196095,-0.0686457517556846,alcaraz
monogramdp.bsky.social,134,40,0.00439882697947214,0.0,0.00439882697947214,0.004398826979472141,0.0,1.2918728280388077e-05,0.0,0.0008512649162196095,0.0,neutral
did:plc:6waxgers6k753hgsmh2prmv7,134,40,0.001466275659824047,0.001466275659824047,0.0,0.0026392961876832845,0.001466275659824047,0.0,0.0,0.001092506177190873,0.0,neutral
did:plc:xfxjlzxidrarezafsabvhe33,134,40,0.001466275659824047,0.001466275659824047,0.0,0.0026392961876832845,0.001466275659824047,0.0,0.0,0.001092506177190873,0.0,neutral
did:plc:z6dj45iqfftjbhvlhfnswc3y,134,40,0.001466275659824047,0.001466275659824047,0.0,0.0026392961876832845,0.001466275659824047,0.0,0.0,0.001092506177190873,0.0,neutral
leach24.bsky.social,135,145,0.001466275659824047,0.0,0.001466275659824047,0.001466275659824047,0.0,0.0,0.0,0.0008512649162196095,0.234795962832868,sinner
did:plc:e3cyxeqboiqsybc3u6wvzysz,135,145,0.001466275659824047,0.001466275659824047,0.0,0.001466275659824047,0.001466275659824047,0.0,0.0,0.0015749886991333996,0.0,neutral
paullr.bsky.social,136,146,0.001466275659824047,0.0,0.001466275659824047,0.001466275659824047,0.0,0.0,0.0,0.0008512649162196095,0.0,neutral
realtuckfrumper.bsky.social,136,146,0.001466275659824047,0.001466275659824047,0.0,0.001466275659824047,0.001466275659824047,0.0,0.0,0.0015749886991333996,-0.4022996617481112,alcaraz
paulb1981.bsky.social,137,147,0.001466275659824047,0.0,0.001466275659824047,0.001466275659824047,0.0,0.0,0.0,0.0008512649162196095,0.0,neutral
did:plc:dyygg4ikkji2o4x2rmqzlhae,137,147,0.001466275659824047,0.001466275659824047,0.0,0.001466275659824047,0.001466275659824047,0.0,0.0,0.0015749886991333996,0.0,neutral
did:plc:sanfemo6qfnbaxdoi2q2vnvl,67,11,0.001466275659824047,0.001466275659824047,0.0,0.005398560383897627,0.001466275659824047,0.0,0.0,0.001032195861948057,0.0,neutral
trendingworld.bsky.social,138,29,0.001466275659824047,0.0,0.001466275659824047,0.001466275659824047,0.0,0.0,0.0,0.0008512649162196095,-0.0840530710139622,alcaraz
did:plc:6wqooydvqwrlmtewj5x6tdme,138,29,0.001466275659824047,0.001466275659824047,0.0,0.001466275659824047,0.001466275659824047,0.0,0.0,0.0015749886991333996,0.0,neutral
norghean.bsky.social,139,149,0.001466275659824047,0.0,0.001466275659824047,0.001466275659824047,0.0,0.0,0.0,0.0008512649162196095,0.0,neutral
did:plc:kaom6fmvuyilwvvshq5v4kfw,139,149,0.001466275659824047,0.001466275659824047,0.0,0.001466275659824047,0.001466275659824047,0.0,0.0,0.0015749886991333996,0.0,neutral
gelatina.bsky.social,140,150,0.001466275659824047,0.0,0.001466275659824047,0.001466275659824047,0.0,0.0,0.0,0.0008512649162196095,-0.0663900133222341,alcaraz
did:plc:bgp5zkptwndfaxwi3hzd5l25,140,150,0.001466275659824047,0.001466275659824047,0.0,0.001466275659824047,0.001466275659824047,0.0,0.0,0.0015749886991333996,0.0,neutral
malc2392.bsky.social,141,151,0.001466275659824047,0.0,0.001466275659824047,0.001466275659824047,0.0,0.0,0.0,0.0008512649162196095,-0.0650565639138221,alcaraz
johanneboucher.bsky.social,141,151,0.001466275659824047,0.001466275659824047,0.0,0.001466275659824047,0.001466275659824047,0.0,0.0,0.0015749886991333996,0.2110751720611006,sinner
kimmarshall.bsky.social,142,152,0.001466275659824047,0.0,0.001466275659824047,0.001466275659824047,0.0,0.0,0.0,0.0008512649162196095,0.0,neutral
did:plc:jsmgbe3bmfsogmseyxc2ynrr,142,152,0.001466275659824047,0.001466275659824047,0.0,0.001466275659824047,0.001466275659824047,0.0,0.0,0.0015749886991333996,0.0,neutral
mspdawg.bsky.social,143,232,0.001466275659824047,0.0,0.001466275659824047,0.001466275659824047,0.0,0.0,0.0,0.0008512649162196095,0.0,neutral
athensgrease.bsky.social,143,232,0.001466275659824047,0.001466275659824047,0.0,0.001466275659824047,0.001466275659824047,0.0,0.0,0.0015749886991333996,0.5279317839071155,sinner
andrea--g.bsky.social,144,154,0.001466275659824047,0.0,0.001466275659824047,0.001466275659824047,0.0,0.0,0.0,0.0008512649162196095,0.0,neutral
did:plc:tgfczwp6wjxwfulb2y4b6wic,144,154,0.001466275659824047,0.001466275659824047,0.0,0.001466275659824047,0.001466275659824047,0.0,0.0,0.0015749886991333996,0.0,neutral
gunnarwo.bsky.social,145,155,0.001466275659824047,0.0,0.001466275659824047,0.001466275659824047,0.0,0.0,0.0,0.0008512649162196095,0.0,neutral
did:plc:gy63rzfxv7mguokyqzlnrg6w,145,155,0.001466275659824047,0.001466275659824047,0.0,0.001466275659824047,0.001466275659824047,0.0,0.0,0.0015749886991333996,0.0,neutral
amiletta.bsky.social,66,16,0.001466275659824047,0.0,0.001466275659824047,0.02268789703819817,0.0,0.0,0.0,0.0008512649162196095,0.3146568001597188,sinner
jbtinoco.bsky.social,146,52,0.001466275659824047,0.0,0.001466275659824047,0.0019550342130987292,0.0,0.0,0.0,0.0008512649162196095,-0.0160011332482099,neutral
susagb.bsky.social,146,52,0.002932551319648094,0.001466275659824047,0.001466275659824047,0.002932551319648094,0.001466275659824047,4.306242760129359e-06,2.1531213800646797e-06,0.0015749886991333996,0.0137936053797602,neutral
dcell1961.bsky.social,147,157,0.001466275659824047,0.0,0.001466275659824047,0.001466275659824047,0.0,0.0,0.0,0.0008512649162196095,-0.0378728672862052,neutral
did:plc:awmglnu6hpg23rsxyythimkp,147,157,0.001466275659824047,0.001466275659824047,0.0,0.001466275659824047,0.001466275659824047,0.0,0.0,0.0015749886991333996,0.0,neutral
barbarafantechi.bsky.social,148,158,0.001466275659824047,0.0,0.001466275659824047,0.001466275659824047,0.0,0.0,0.0,0.0008512649162196095,0.4497214617207646,sinner
did:plc:f4pmajnz3elx4tdisy6gmpve,148,158,0.001466275659824047,0.001466275659824047,0.0,0.001466275659824047,0.001466275659824047,0.0,0.0,0.0015749886991333996,0.0,neutral
mirsasha.bsky.social,149,159,0.001466275659824047,0.0,0.001466275659824047,0.001466275659824047,0.0,0.0,0.0,0.0008512649162196095,-0.3757027924060822,alcaraz
did:plc:zbei5rgy2idwolzybe3et2jg,149,159,0.001466275659824047,0.001466275659824047,0.0,0.001466275659824047,0.001466275659824047,0.0,0.0,0.0015749886991333996,0.0,neutral
corruption47.bsky.social,150,160,0.001466275659824047,0.0,0.001466275659824047,0.001466275659824047,0.0,0.0,0.0,0.0008512649162196095,0.0,neutral
did:plc:vf32tdeunh3ra6nvclxhmeuo,150,160,0.001466275659824047,0.001466275659824047,0.0,0.001466275659824047,0.001466275659824047,0.0,0.0,0.0015749886991333996,0.0,neutral
cathoderayzone.bsky.social,74,8,0.001466275659824047,0.001466275659824047,0.001466275659824047,0.023782755340309606,0.008052090064118497,0.0,0.0,0.01721005070892789,0.1640414077447106,sinner
delicatepear.bsky.social,15,5,0.001466275659824047,0.001466275659824047,0.0,0.02447163515016685,0.003299120234604106,0.0,0.0,0.0011566066844566508,0.0579650626578307,sinner
tennisnerdmert.bsky.social,151,161,0.001466275659824047,0.0,0.001466275659824047,0.001466275659824047,0.0,0.0,0.0,0.0008512649162196095,-0.1806815595139199,alcaraz
tennis-skip1515.bsky.social,151,161,0.001466275659824047,0.001466275659824047,0.0,0.001466275659824047,0.001466275659824047,0.0,0.0,0.0015749886991333996,0.0558849542587995,sinner
nigra.bsky.social,152,162,0.001466275659824047,0.0,0.001466275659824047,0.001466275659824047,0.0,0.0,0.0,0.0008512649162196095,0.1992085915990173,sinner
colozine.de,152,162,0.001466275659824047,0.001466275659824047,0.0,0.001466275659824047,0.001466275659824047,0.0,0.0,0.0015749886991333996,0.1647929265030792,sinner
soumya-goblue.bsky.social,153,39,0.002932551319648094,0.001466275659824047,0.001466275659824047,0.003299120234604106,0.001466275659824047,8.612485520258719e-06,4.306242760129359e-06,0.0015749886991333996,0.1403674004599452,sinner
sandyximene.bsky.social,153,39,0.002932551319648094,0.001466275659824047,0.001466275659824047,0.003299120234604106,0.0019550342130987292,8.612485520258719e-06,4.306242760129359e-06,0.0021903056882672483,-0.2055695458498755,alcaraz
pedrojdoc.bsky.social,146,52,0.001466275659824047,0.001466275659824047,0.0,0.0019550342130987292,0.0019550342130987292,0.0,0.0,0.0021903056882672483,-0.2130937269888818,alcaraz
chrispaschal.bsky.social,8,44,0.001466275659824047,0.0,0.001466275659824047,0.029471653627692638,0.0,0.0,0.0,0.0008512649162196095,-0.0139914711970569,neutral
sigill.bsky.social,154,164,0.001466275659824047,0.0,0.001466275659824047,0.001466275659824047,0.0,0.0,0.0,0.0008512649162196095,0.0,neutral
did:plc:givg3amslsq46o3f25ga5esh,154,164,0.001466275659824047,0.001466275659824047,0.0,0.001466275659824047,0.001466275659824047,0.0,0.0,0.0015749886991333996,0.0,neutral
did:plc:5o5ui7b7mj5j4ycxukry37ex,95,14,0.001466275659824047,0.001466275659824047,0.0,0.0035990402559317515,0.001466275659824047,0.0,0.0,0.0012131268076765046,0.0,neutral
beckyvee.bsky.social,155,165,0.001466275659824047,0.0,0.001466275659824047,0.001466275659824047,0.0,0.0,0.0,0.0008512649162196095,-0.2772964363917708,alcaraz
spindoc627.bsky.social,155,165,0.001466275659824047,0.001466275659824047,0.0,0.001466275659824047,0.001466275659824047,0.0,0.0,0.0015749886991333996,-0.0039812195270012,neutral
desdemonasrocket.bsky.social,156,166,0.001466275659824047,0.0,0.001466275659824047,0.001466275659824047,0.0,0.0,0.0,0.0008512649162196095,0.0,neutral
did:plc:mc725luw7unxdcaxshgy66nm,156,166,0.001466275659824047,0.001466275659824047,0.0,0.001466275659824047,0.001466275659824047,0.0,0.0,0.0015749886991333996,0.0,neutral
chloexm.bsky.social,157,57,0.001466275659824047,0.0,0.001466275659824047,0.0019550342130987292,0.0,0.0,0.0,0.0008512649162196095,-0.2008409360756299,alcaraz
did:plc:ezb5b6gjmupse3wt4kaiddya,157,57,0.002932551319648094,0.002932551319648094,0.0,0.002932551319648094,0.002932551319648094,4.306242760129359e-06,0.0,0.0022987124820471896,0.0,neutral
mcopelov.bsky.social,158,25,0.001466275659824047,0.001466275659824047,0.001466275659824047,0.0026392961876832845,0.0026392961876832845,0.0,0.0,0.009982791440869498,-0.640248856972903,alcaraz
jfallows.bsky.social,158,25,0.00439882697947214,0.00439882697947214,0.001466275659824047,0.004398826979472141,0.004398826979472141,1.2918728280388077e-05,4.306242760129359e-06,0.01081028590603866,0.2066942838719114,sinner
confessbunny.bsky.social,159,169,0.001466275659824047,0.0,0.001466275659824047,0.001466275659824047,0.0,0.0,0.0,0.0008512649162196095,0.0166895177960395,neutral
did:plc:xsm2qrmsyyqfxl7hnbrfs2rl,159,169,0.001466275659824047,0.001466275659824047,0.0,0.001466275659824047,0.001466275659824047,0.0,0.0,0.0015749886991333996,0.0,neutral
willwagon.bsky.social,160,58,0.002932551319648094,0.001466275659824047,0.001466275659824047,0.002932551319648094,0.001466275659824047,4.306242760129359e-06,2.1531213800646797e-06,0.0015749886991333996,0.0,neutral
did:plc:iwl2h4u74efuou35ot26b3d2,160,58,0.001466275659824047,0.001466275659824047,0.0,0.0019550342130987292,0.0019550342130987292,0.0,0.0,0.0021903056882672483,0.0,neutral
espolimpica.bsky.social,220,15,0.001466275659824047,0.0,0.001466275659824047,0.025309465740186828,0.0,0.0,0.0,0.0008512649162196095,0.0,neutral
illuchino.bsky.social,38,18,0.002932551319648094,0.002932551319648094,0.001466275659824047,0.003299120234604106,0.002932551319648094,0.0,0.0,0.003378409451590753,0.0,neutral
marc3516.bsky.social,161,59,0.001466275659824047,0.0,0.001466275659824047,0.0019550342130987292,0.0,0.0,0.0,0.0008512649162196095,-0.0857353130355477,alcaraz
did:plc:uayevtgtbwot25zhocjzb6lv,161,59,0.002932551319648094,0.002932551319648094,0.0,0.002932551319648094,0.002932551319648094,4.306242760129359e-06,0.0,0.0022987124820471896,0.0,neutral
did:plc:mscr6szm73igjwu3vrr4q4p2,6,7,0.001466275659824047,0.001466275659824047,0.0,0.006598240469208211,0.0026392961876832845,0.0,0.0,0.0010502126191264997,0.0,neutral
did:plc:htuugeihcef223a6ydtbq5bw,6,7,0.001466275659824047,0.001466275659824047,0.0,0.006598240469208211,0.0026392961876832845,0.0,0.0,0.0010502126191264997,0.0,neutral
did:plc:j4bb62p3fj7sjml5zrqzyles,6,7,0.001466275659824047,0.001466275659824047,0.0,0.006598240469208211,0.0026392961876832845,0.0,0.0,0.0010502126191264997,0.0,neutral
did:plc:pii3ycq6lux5pyt7irchn4wg,57,20,0.001466275659824047,0.001466275659824047,0.0,0.004398826979472141,0.0019550342130987292,0.0,0.0,0.0011860251092315193,0.0,neutral
hooray4kaiju.bsky.social,162,172,0.001466275659824047,0.0,0.001466275659824047,0.001466275659824047,0.0,0.0,0.0,0.0008512649162196095,0.0,neutral
did:plc:vlco2le56uf5en6rq7dej5ow,162,172,0.001466275659824047,0.001466275659824047,0.0,0.001466275659824047,0.001466275659824047,0.0,0.0,0.0015749886991333996,0.0,neutral
mikey-hq.bsky.social,158,25,0.001466275659824047,0.0,0.001466275659824047,0.0026392961876832845,0.0,0.0,0.0,0.0008512649162196095,-0.7309214868582785,alcaraz
darlingebony.bsky.social,163,173,0.001466275659824047,0.0,0.001466275659824047,0.001466275659824047,0.0,0.0,0.0,0.0008512649162196095,-0.0940470731887035,alcaraz
lavidalopa.bsky.social,163,173,0.001466275659824047,0.001466275659824047,0.0,0.001466275659824047,0.001466275659824047,0.0,0.0,0.0015749886991333996,0.1218860367313027,sinner
johnthechef7.bsky.social,160,58,0.001466275659824047,0.0,0.001466275659824047,0.0019550342130987292,0.0,0.0,0.0,0.0008512649162196095,0.0,neutral
rosevl.bsky.social,164,174,0.001466275659824047,0.0,0.001466275659824047,0.001466275659824047,0.0,0.0,0.0,0.0008512649162196095,0.0,neutral
did:plc:feobw43ezgemam6r6zvfzp42,164,174,0.001466275659824047,0.001466275659824047,0.0,0.001466275659824047,0.001466275659824047,0.0,0.0,0.0015749886991333996,0.0,neutral
dneto.dev,158,25,0.001466275659824047,0.0,0.001466275659824047,0.0026392961876832845,0.0,0.0,0.0,0.0008512649162196095,0.2648685291409492,sinner
fabbioriggeno.bsky.social,165,175,0.001466275659824047,0.0,0.001466275659824047,0.001466275659824047,0.0,0.0,0.0,0.0008512649162196095,0.2030355311930179,sinner
did:plc:hiciemlnowqqoner3u3ypsfb,165,175,0.001466275659824047,0.001466275659824047,0.0,0.001466275659824047,0.001466275659824047,0.0,0.0,0.0015749886991333996,0.0,neutral
jordanhass.com,166,176,0.001466275659824047,0.0,0.001466275659824047,0.001466275659824047,0.0,0.0,0.0,0.0008512649162196095,0.0,neutral
did:plc:ew4t5stwu2kx425z2m34asbv,166,176,0.001466275659824047,0.001466275659824047,0.0,0.001466275659824047,0.001466275659824047,0.0,0.0,0.0015749886991333996,0.0,neutral
un5toppabl0.bsky.social,167,177,0.001466275659824047,0.0,0.001466275659824047,0.001466275659824047,0.0,0.0,0.0,0.0008512649162196095,-0.1505827194739443,alcaraz
alwaystheself.bsky.social,167,177,0.001466275659824047,0.001466275659824047,0.0,0.001466275659824047,0.001466275659824047,0.0,0.0,0.0015749886991333996,-0.0960591842420399,alcaraz
tracycouch.bsky.social,168,178,0.001466275659824047,0.0,0.001466275659824047,0.001466275659824047,0.0,0.0,0.0,0.0008512649162196095,0.1114263657946139,sinner
did:plc:wmcuxdm6k5hghpuhfphszqeq,168,178,0.001466275659824047,0.001466275659824047,0.0,0.001466275659824047,0.001466275659824047,0.0,0.0,0.0015749886991333996,0.0,neutral
robiwan-65.bsky.social,169,179,0.001466275659824047,0.0,0.001466275659824047,0.001466275659824047,0.0,0.0,0.0,0.0008512649162196095,0.2293930739164352,sinner
did:plc:534q2dcvdief25iba7egl2vg,169,179,0.001466275659824047,0.001466275659824047,0.0,0.001466275659824047,0.001466275659824047,0.0,0.0,0.0015749886991333996,0.0,neutral
russbengtson.bsky.social,170,180,0.001466275659824047,0.0,0.001466275659824047,0.001466275659824047,0.0,0.0,0.0,0.0008512649162196095,-0.1022327846182244,alcaraz
did:plc:pmyqirafcp3jqdhrl7crpq7t,170,180,0.001466275659824047,0.001466275659824047,0.0,0.001466275659824047,0.001466275659824047,0.0,0.0,0.0015749886991333996,0.0,neutral
willvan.bsky.social,171,60,0.001466275659824047,0.001466275659824047,0.001466275659824047,0.001466275659824047,0.001466275659824047,0.0,0.0,0.005623901794836843,0.1513272650539875,sinner
vinceblue.bsky.social,171,60,0.001466275659824047,0.001466275659824047,0.001466275659824047,0.001466275659824047,0.001466275659824047,0.0,0.0,0.005623901794836843,-0.034820832312107,neutral
tribunaexpresso.bsky.social,172,182,0.001466275659824047,0.0,0.001466275659824047,0.001466275659824047,0.0,0.0,0.0,0.0008512649162196095,0.0,neutral
diogopombo.bsky.social,172,182,0.001466275659824047,0.001466275659824047,0.0,0.001466275659824047,0.001466275659824047,0.0,0.0,0.0015749886991333996,0.0,neutral
bethrobinb.bsky.social,99,21,0.001466275659824047,0.0,0.001466275659824047,0.004798720341242336,0.0,0.0,0.0,0.0008512649162196095,0.0,neutral
paccali68.bsky.social,173,183,0.001466275659824047,0.0,0.001466275659824047,0.001466275659824047,0.0,0.0,0.0,0.0008512649162196095,-0.6428159505361691,alcaraz
victinibcn.bsky.social,173,183,0.001466275659824047,0.001466275659824047,0.0,0.001466275659824047,0.001466275659824047,0.0,0.0,0.0015749886991333996,-0.1654441900085657,alcaraz
apearlma.bsky.social,174,184,0.001466275659824047,0.0,0.001466275659824047,0.001466275659824047,0.0,0.0,0.0,0.0008512649162196095,0.0,neutral
ericcolumbus.bsky.social,174,184,0.001466275659824047,0.001466275659824047,0.0,0.001466275659824047,0.001466275659824047,0.0,0.0,0.0015749886991333996,0.0,neutral
kriskoles.bsky.social,175,61,0.001466275659824047,0.0,0.001466275659824047,0.0019550342130987292,0.0,0.0,0.0,0.0008512649162196095,0.2500785439275205,sinner
wajali.bsky.social,175,61,0.002932551319648094,0.002932551319648094,0.0,0.002932551319648094,0.002932551319648094,4.306242760129359e-06,0.0,0.0022987124820471896,0.0,neutral
mblue.bsky.social,176,186,0.001466275659824047,0.0,0.001466275659824047,0.001466275659824047,0.0,0.0,0.0,0.0008512649162196095,-0.6410332545405254,alcaraz
did:plc:gwvqpq3lowvl3cdbkmduncqq,176,186,0.001466275659824047,0.001466275659824047,0.0,0.001466275659824047,0.001466275659824047,0.0,0.0,0.0015749886991333996,0.0,neutral
happygranny.bsky.social,175,61,0.001466275659824047,0.0,0.001466275659824047,0.0019550342130987292,0.0,0.0,0.0,0.0008512649162196095,0.5640618089586497,sinner
agnesbrowne.bsky.social,177,187,0.001466275659824047,0.0,0.001466275659824047,0.001466275659824047,0.0,0.0,0.0,0.0008512649162196095,0.0,neutral
did:plc:7qroijjj5fhfhldydpwdd32s,177,187,0.001466275659824047,0.001466275659824047,0.0,0.001466275659824047,0.001466275659824047,0.0,0.0,0.0015749886991333996,0.0,neutral
did:plc:izqo6admt5cg67om5ldt2vf6,33,17,0.001466275659824047,0.001466275659824047,0.0,0.003770423125261835,0.0026392961876832845,0.0,0.0,0.0017095741896533143,0.0,neutral
jillpearlman.bsky.social,178,188,0.001466275659824047,0.0,0.001466275659824047,0.001466275659824047,0.0,0.0,0.0,0.0008512649162196095,0.0,neutral
did:plc:nl32untxngcg74dl3w7scd74,178,188,0.001466275659824047,0.001466275659824047,0.0,0.001466275659824047,0.001466275659824047,0.0,0.0,0.0015749886991333996,0.0,neutral
banneduser.space,179,189,0.001466275659824047,0.0,0.001466275659824047,0.001466275659824047,0.0,0.0,0.0,0.0008512649162196095,0.0,neutral
did:plc:4ujqr3ot4ife42o7bqdxe7wb,179,189,0.001466275659824047,0.001466275659824047,0.0,0.001466275659824047,0.001466275659824047,0.0,0.0,0.0015749886991333996,0.0,neutral
gsideman.bsky.social,1,10,0.002932551319648094,0.0,0.002932551319648094,0.011048216599604447,0.0,7.320612692219911e-05,0.0,0.0008512649162196095,0.0,neutral
did:plc:w4ldll4djkh36vk2bsj37l2x,1,10,0.001466275659824047,0.001466275659824047,0.0,0.007917888563049853,0.001466275659824047,0.0,0.0,0.0012131268076765046,0.0,neutral
danwolken.bsky.social,180,190,0.001466275659824047,0.0,0.001466275659824047,0.001466275659824047,0.0,0.0,0.0,0.0008512649162196095,-0.2519503960618749,alcaraz
did:plc:7a4lxdz74wz54dkljxgtziwf,180,190,0.001466275659824047,0.001466275659824047,0.0,0.001466275659824047,0.001466275659824047,0.0,0.0,0.0015749886991333996,0.0,neutral
andkenbrbr.bsky.social,74,8,0.001466275659824047,0.0,0.001466275659824047,0.023782755340309606,0.0,0.0,0.0,0.0008512649162196095,0.0,neutral
marjafeltkamp.bsky.social,181,191,0.001466275659824047,0.0,0.001466275659824047,0.001466275659824047,0.0,0.0,0.0,0.0008512649162196095,0.0,neutral
did:plc:bh2w63qqphggiqde4x2dgyef,181,191,0.001466275659824047,0.001466275659824047,0.0,0.001466275659824047,0.001466275659824047,0.0,0.0,0.0015749886991333996,0.0,neutral
rainwalkerak.bsky.social,48,3,0.001466275659824047,0.0,0.001466275659824047,0.03513254551261578,0.0,0.0,0.0,0.0008512649162196095,0.0,neutral
askmetomorrow.bsky.social,182,192,0.001466275659824047,0.0,0.001466275659824047,0.001466275659824047,0.0,0.0,0.0,0.0008512649162196095,-0.5645594043657184,alcaraz
did:plc:cqg5zp2gd4fd4fxzokb4odlz,182,192,0.001466275659824047,0.001466275659824047,0.0,0.001466275659824047,0.001466275659824047,0.0,0.0,0.0015749886991333996,0.0,neutral
pedrovcr.bsky.social,183,36,0.001466275659824047,0.0,0.001466275659824047,0.0019550342130987292,0.0,0.0,0.0,0.0008512649162196095,-0.3100686915626284,alcaraz
rpsagainsttrump.bsky.social,183,36,0.002932551319648094,0.002932551319648094,0.0,0.002932551319648094,0.002932551319648094,4.306242760129359e-06,0.0,0.0022987124820471896,-0.17882687933743,alcaraz
klago.bsky.social,184,194,0.001466275659824047,0.0,0.001466275659824047,0.001466275659824047,0.0,0.0,0.0,0.0008512649162196095,0.0,neutral
did:plc:3qptukurts456t6ug7me4o62,184,194,0.001466275659824047,0.001466275659824047,0.0,0.001466275659824047,0.001466275659824047,0.0,0.0,0.0015749886991333996,0.0,neutral
elimerril.bsky.social,99,21,0.001466275659824047,0.0,0.001466275659824047,0.004798720341242336,0.0,0.0,0.0,0.0008512649162196095,-0.2742243241518736,alcaraz
did:plc:2xgr42khac5hvt7ub3ss2hr6,153,39,0.001466275659824047,0.001466275659824047,0.0,0.0021994134897360706,0.0021994134897360706,0.0,0.0,0.002713480001443031,0.0,neutral
raymond3024.bsky.social,185,195,0.001466275659824047,0.0,0.001466275659824047,0.001466275659824047,0.0,0.0,0.0,0.0008512649162196095,-0.615030484367162,alcaraz
did:plc:2buz4gf5sew3rdwzbxsvcd4s,185,195,0.001466275659824047,0.001466275659824047,0.0,0.001466275659824047,0.001466275659824047,0.0,0.0,0.0015749886991333996,0.0,neutral
jordanspiro.bsky.social,186,196,0.001466275659824047,0.0,0.001466275659824047,0.001466275659824047,0.0,0.0,0.0,0.0008512649162196095,-0.5834414470940829,alcaraz
did:plc:xuemqxr2ddetamkekhpst3wg,186,196,0.001466275659824047,0.001466275659824047,0.0,0.001466275659824047,0.001466275659824047,0.0,0.0,0.0015749886991333996,0.0,neutral
moeman61.bsky.social,187,62,0.001466275659824047,0.0,0.001466275659824047,0.0019550342130987292,0.0,0.0,0.0,0.0008512649162196095,-0.5173684187233448,alcaraz
did:plc:rjmjkblu6mbdmufkfyqoslu6,187,62,0.002932551319648094,0.002932551319648094,0.0,0.002932551319648094,0.002932551319648094,4.306242760129359e-06,0.0,0.0022987124820471896,0.0,neutral
mainelife.bsky.social,153,39,0.001466275659824047,0.0,0.001466275659824047,0.0021994134897360706,0.0,0.0,0.0,0.0008512649162196095,-0.2776641129981726,alcaraz
joejamespop.bsky.social,33,17,0.001466275659824047,0.0,0.001466275659824047,0.003770423125261835,0.0,0.0,0.0,0.0008512649162196095,-0.2210815753787756,alcaraz
did:plc:uz64s2vfngqgxlvhumm524me,1,10,0.001466275659824047,0.001466275659824047,0.0,0.01055718475073314,0.005865102639296188,0.0,0.0,0.002292425930139215,0.0,neutral
smpa58.bsky.social,187,62,0.001466275659824047,0.0,0.001466275659824047,0.0019550342130987292,0.0,0.0,0.0,0.0008512649162196095,0.0,neutral
seth-diamond.bsky.social,188,198,0.001466275659824047,0.0,0.001466275659824047,0.001466275659824047,0.0,0.0,0.0,0.0008512649162196095,0.0,neutral
reuters.com,188,198,0.001466275659824047,0.001466275659824047,0.0,0.001466275659824047,0.001466275659824047,0.0,0.0,0.0015749886991333996,0.0299949260112708,neutral
alexmatthewsar.bsky.social,48,2,0.001466275659824047,0.0,0.001466275659824047,0.029818378964489023,0.0,0.0,0.0,0.0008512649162196095,-0.6349643261404708,alcaraz
dailiad.bsky.social,189,199,0.001466275659824047,0.0,0.001466275659824047,0.001466275659824047,0.0,0.0,0.0,0.0008512649162196095,-0.1071400603279471,alcaraz
did:plc:ln7mx5uay3sd5kt7gq7ytypq,189,199,0.001466275659824047,0.001466275659824047,0.0,0.001466275659824047,0.001466275659824047,0.0,0.0,0.0015749886991333996,0.0,neutral
dentonrg.bsky.social,190,200,0.001466275659824047,0.0,0.001466275659824047,0.001466275659824047,0.0,0.0,0.0,0.0008512649162196095,0.0,neutral
did:plc:yuebcipk5hcllcxgb26wlufw,190,200,0.001466275659824047,0.001466275659824047,0.0,0.001466275659824047,0.001466275659824047,0.0,0.0,0.0015749886991333996,0.0,neutral
geeel91.bsky.social,191,201,0.001466275659824047,0.0,0.001466275659824047,0.001466275659824047,0.0,0.0,0.0,0.0008512649162196095,0.6403977570356801,sinner
did:plc:q652yqsddcc6pln5utf4tmk7,191,201,0.001466275659824047,0.001466275659824047,0.0,0.001466275659824047,0.001466275659824047,0.0,0.0,0.0015749886991333996,0.0,neutral
mullinshere.bsky.social,95,14,0.001466275659824047,0.0,0.001466275659824047,0.004750733137829912,0.0,0.0,0.0,0.0008512649162196095,0.0,neutral
michelecorneau.bsky.social,192,202,0.001466275659824047,0.0,0.001466275659824047,0.001466275659824047,0.0,0.0,0.0,0.0008512649162196095,0.0667811088031157,sinner
esthert.bsky.social,192,202,0.001466275659824047,0.001466275659824047,0.0,0.001466275659824047,0.001466275659824047,0.0,0.0,0.0015749886991333996,-0.2987497733905911,alcaraz
arinsf.bsky.social,193,37,0.00439882697947214,0.0,0.00439882697947214,0.004398826979472141,0.0,1.2918728280388077e-05,0.0,0.0008512649162196095,0.0,neutral
did:plc:yfb6e4xnygwc54gcedqmikol,193,37,0.001466275659824047,0.001466275659824047,0.0,0.0026392961876832845,0.001466275659824047,0.0,0.0,0.001092506177190873,0.0,neutral
did:plc:eyjdhmblwazf4hl24vvg6ep2,193,37,0.001466275659824047,0.001466275659824047,0.0,0.0026392961876832845,0.001466275659824047,0.0,0.0,0.001092506177190873,0.0,neutral
did:plc:2ylgbet7hkz6ntdh6eljnsri,193,37,0.001466275659824047,0.001466275659824047,0.0,0.0026392961876832845,0.001466275659824047,0.0,0.0,0.001092506177190873,0.0,neutral
jeffsays.bsky.social,95,14,0.001466275659824047,0.0,0.001466275659824047,0.004750733137829912,0.0,0.0,0.0,0.0008512649162196095,-0.1474025897681713,alcaraz
bluedotut.bsky.social,194,204,0.001466275659824047,0.0,0.001466275659824047,0.001466275659824047,0.0,0.0,0.0,0.0008512649162196095,0.6347984041552991,sinner
arghavansallesmd.medsky.social,194,204,0.001466275659824047,0.001466275659824047,0.0,0.001466275659824047,0.001466275659824047,0.0,0.0,0.0015749886991333996,-0.3923968436487485,alcaraz
truthinallthings.bsky.social,195,205,0.001466275659824047,0.0,0.001466275659824047,0.001466275659824047,0.0,0.0,0.0,0.0008512649162196095,0.1574603136628866,sinner
1011now.com,195,205,0.001466275659824047,0.001466275659824047,0.0,0.001466275659824047,0.001466275659824047,0.0,0.0,0.0015749886991333996,0.0,neutral
noventuno.bsky.social,196,4,0.020527859237536656,0.0,0.020527859237536656,0.020527859237536656,0.0,0.0003918680911717717,0.0,0.0008512649162196095,-0.1669744512687127,alcaraz
did:plc:m2h2hc4724edxtgpbfaimwog,196,4,0.001466275659824047,0.001466275659824047,0.0,0.010644075160204191,0.001466275659824047,0.0,0.0,0.0009029594721420232,0.0,neutral
ladyfirehorse.bsky.social,161,59,0.001466275659824047,0.0,0.001466275659824047,0.0019550342130987292,0.0,0.0,0.0,0.0008512649162196095,-0.3250908046960831,alcaraz
did:plc:bm7petw2rfk26gw5mdjcpd5v,196,4,0.001466275659824047,0.001466275659824047,0.0,0.010644075160204191,0.001466275659824047,0.0,0.0,0.0009029594721420232,0.0,neutral
did:plc:qczs5q4r7hvka2ondq7o5676,196,4,0.001466275659824047,0.001466275659824047,0.0,0.010644075160204191,0.001466275659824047,0.0,0.0,0.0009029594721420232,0.0,neutral
did:plc:5g4vq5ilsgrrkkbdpnaw64jc,196,4,0.001466275659824047,0.001466275659824047,0.0,0.010644075160204191,0.001466275659824047,0.0,0.0,0.0009029594721420232,0.0,neutral
did:plc:asagohfygpzjvyely7iu6pdx,196,4,0.001466275659824047,0.001466275659824047,0.0,0.010644075160204191,0.001466275659824047,0.0,0.0,0.0009029594721420232,0.0,neutral
did:plc:s6rojbn3ult3vmvh5un4n4u7,196,4,0.001466275659824047,0.001466275659824047,0.0,0.010644075160204191,0.001466275659824047,0.0,0.0,0.0009029594721420232,0.0,neutral
did:plc:utqzmxnpsl32n5k54ubuyqz4,196,4,0.001466275659824047,0.001466275659824047,0.0,0.010644075160204191,0.001466275659824047,0.0,0.0,0.0009029594721420232,0.0,neutral
did:plc:ilrmcedwzfiwf46d3l2ztlys,196,4,0.001466275659824047,0.001466275659824047,0.0,0.010644075160204191,0.001466275659824047,0.0,0.0,0.0009029594721420232,0.0,neutral
did:plc:c4sz2tvosvxcsb2oq2jj4ruz,196,4,0.001466275659824047,0.001466275659824047,0.0,0.010644075160204191,0.001466275659824047,0.0,0.0,0.0009029594721420232,0.0,neutral
did:plc:d7jlhdsp5wdw5asngulrj2je,196,4,0.001466275659824047,0.001466275659824047,0.0,0.010644075160204191,0.001466275659824047,0.0,0.0,0.0009029594721420232,0.0,neutral
did:plc:zisqxiplpx3qvcu46dwzozjd,196,4,0.001466275659824047,0.001466275659824047,0.0,0.010644075160204191,0.001466275659824047,0.0,0.0,0.0009029594721420232,0.0,neutral
did:plc:cpkcxlpxathrbzsulgogffay,196,4,0.001466275659824047,0.001466275659824047,0.0,0.010644075160204191,0.001466275659824047,0.0,0.0,0.0009029594721420232,0.0,neutral
did:plc:f4tuf5opaes64ynit7m4o3en,196,4,0.001466275659824047,0.001466275659824047,0.0,0.010644075160204191,0.001466275659824047,0.0,0.0,0.0009029594721420232,0.0,neutral
did:plc:y4vfoiyzmoqraoirdmyzr62f,196,4,0.001466275659824047,0.001466275659824047,0.0,0.010644075160204191,0.001466275659824047,0.0,0.0,0.0009029594721420232,0.0,neutral
bornmiserable.bsky.social,197,207,0.001466275659824047,0.0,0.001466275659824047,0.001466275659824047,0.0,0.0,0.0,0.0008512649162196095,0.3006870433688163,sinner
did:plc:bv35t675yro7ney6eugdausv,197,207,0.001466275659824047,0.001466275659824047,0.0,0.001466275659824047,0.001466275659824047,0.0,0.0,0.0015749886991333996,0.0,neutral
filmandsportslover.bsky.social,198,67,0.001466275659824047,0.0,0.001466275659824047,0.001466275659824047,0.0,0.0,0.0,0.0008512649162196095,-0.0149982140865176,neutral
did:plc:aslw5awiodzplmvzhbysxuwp,198,67,0.001466275659824047,0.001466275659824047,0.0,0.001466275659824047,0.001466275659824047,0.0,0.0,0.0015749886991333996,0.0,neutral
julioam.bsky.social,199,209,0.001466275659824047,0.0,0.001466275659824047,0.001466275659824047,0.0,0.0,0.0,0.0008512649162196095,-0.0662783421576023,alcaraz
did:plc:urt3vipsc3lmndkeprgth7tq,199,209,0.001466275659824047,0.001466275659824047,0.0,0.001466275659824047,0.001466275659824047,0.0,0.0,0.0015749886991333996,0.0,neutral
noticiastrabajo.bsky.social,200,68,0.001466275659824047,0.0,0.001466275659824047,0.001466275659824047,0.0,0.0,0.0,0.0008512649162196095,-0.0482302586237589,neutral
did:plc:qjkl3slluwlwyjmziw7257zd,200,68,0.001466275659824047,0.001466275659824047,0.0,0.001466275659824047,0.001466275659824047,0.0,0.0,0.0015749886991333996,0.0,neutral
fiorenzaferrari.bsky.social,201,211,0.001466275659824047,0.0,0.001466275659824047,0.001466275659824047,0.0,0.0,0.0,0.0008512649162196095,0.0,neutral
did:plc:vsr5wwy5szkqyzdqf23pfxvt,201,211,0.001466275659824047,0.001466275659824047,0.0,0.001466275659824047,0.001466275659824047,0.0,0.0,0.0015749886991333996,0.0,neutral
peterplaikner.bsky.social,202,42,0.00439882697947214,0.0,0.00439882697947214,0.004398826979472141,0.0,1.2918728280388077e-05,0.0,0.0008512649162196095,0.0,neutral
did:plc:4vgfz7nlinpnyg5736n26yju,202,42,0.001466275659824047,0.001466275659824047,0.0,0.0026392961876832845,0.001466275659824047,0.0,0.0,0.001092506177190873,0.0,neutral
did:plc:2hhjzwzaqvq6gpsbpuoxxqbz,202,42,0.001466275659824047,0.001466275659824047,0.0,0.0026392961876832845,0.001466275659824047,0.0,0.0,0.001092506177190873,0.0,neutral
did:plc:eg6ttk7kqywv7c7p5waefgls,202,42,0.001466275659824047,0.001466275659824047,0.0,0.0026392961876832845,0.001466275659824047,0.0,0.0,0.001092506177190873,0.0,neutral
publicbenjamin.bsky.social,203,213,0.001466275659824047,0.0,0.001466275659824047,0.001466275659824047,0.0,0.0,0.0,0.0008512649162196095,-0.0092913386179134,neutral
did:plc:djcjcjjm7kzb54cqqaxa6bwq,203,213,0.001466275659824047,0.001466275659824047,0.0,0.001466275659824047,0.001466275659824047,0.0,0.0,0.0015749886991333996,0.0,neutral
did:plc:p2fnn3vudamzmohicntrhh75,42,28,0.001466275659824047,0.001466275659824047,0.0,0.0026392961876832845,0.001466275659824047,0.0,0.0,0.001032195861948057,0.0,neutral
did:plc:gvobmirmxl7n4eb5hn5y4lra,42,28,0.001466275659824047,0.001466275659824047,0.0,0.0026392961876832845,0.001466275659824047,0.0,0.0,0.001032195861948057,0.0,neutral
jayparbhoo.bsky.social,220,15,0.001466275659824047,0.0,0.001466275659824047,0.025309465740186828,0.0,0.0,0.0,0.0008512649162196095,0.6343863961286843,sinner
ebarnescalgary.bsky.social,60,70,0.001466275659824047,0.0,0.001466275659824047,0.0019550342130987292,0.0,0.0,0.0,0.0008512649162196095,0.0,neutral
deut2314.bsky.social,204,214,0.001466275659824047,0.0,0.001466275659824047,0.001466275659824047,0.0,0.0,0.0,0.0008512649162196095,-0.0501993462443351,alcaraz
did:plc:tufhwskzvgoz7gih4ufahp3n,204,214,0.001466275659824047,0.001466275659824047,0.0,0.001466275659824047,0.001466275659824047,0.0,0.0,0.0015749886991333996,0.0,neutral
dopocipenso.bsky.social,205,215,0.001466275659824047,0.0,0.001466275659824047,0.001466275659824047,0.0,0.0,0.0,0.0008512649162196095,-0.0469410438090562,neutral
did:plc:b36nzwqde2sb2vnoz7urev2q,205,215,0.001466275659824047,0.001466275659824047,0.0,0.001466275659824047,0.001466275659824047,0.0,0.0,0.0015749886991333996,0.0,neutral
horselaugh.bsky.social,206,216,0.001466275659824047,0.0,0.001466275659824047,0.001466275659824047,0.0,0.0,0.0,0.0008512649162196095,0.2356340181082487,sinner
lflorepolitics.bsky.social,206,216,0.001466275659824047,0.001466275659824047,0.0,0.001466275659824047,0.001466275659824047,0.0,0.0,0.0015749886991333996,0.0,neutral
desertdweller760.bsky.social,95,14,0.001466275659824047,0.0,0.001466275659824047,0.004750733137829912,0.0,0.0,0.0,0.0008512649162196095,-0.186420651525259,alcaraz
lastwilbury.bsky.social,97,56,0.001466275659824047,0.0,0.001466275659824047,0.0019550342130987292,0.0,0.0,0.0,0.0008512649162196095,-0.284731650352478,alcaraz
markscrivens.bsky.social,15,22,0.001466275659824047,0.0,0.001466275659824047,0.026881720430107524,0.0,0.0,0.0,0.0008512649162196095,0.2218582011759281,sinner
leoniberia.bsky.social,207,217,0.001466275659824047,0.0,0.001466275659824047,0.001466275659824047,0.0,0.0,0.0,0.0008512649162196095,-0.0599017344415187,alcaraz
elplural.bsky.social,207,217,0.001466275659824047,0.001466275659824047,0.0,0.001466275659824047,0.001466275659824047,0.0,0.0,0.0015749886991333996,-0.1664107661694288,alcaraz
bestofwikipedia.bsky.social,208,218,0.001466275659824047,0.0,0.001466275659824047,0.001466275659824047,0.0,0.0,0.0,0.0008512649162196095,-0.0826291842386126,alcaraz
did:plc:plla3i7zproko3ekdnkoykhe,208,218,0.001466275659824047,0.001466275659824047,0.0,0.001466275659824047,0.001466275659824047,0.0,0.0,0.0015749886991333996,0.0,neutral
did:plc:n3x4qu3nwrfg7fmlzkdoyh3k,15,22,0.001466275659824047,0.001466275659824047,0.0,0.023192072527935904,0.001466275659824047,0.0,0.0,0.001092506177190873,0.0,neutral
gratefulduck.bsky.social,119,41,0.001466275659824047,0.0,0.001466275659824047,0.0026392961876832845,0.0,0.0,0.0,0.0008512649162196095,0.0,neutral
momadridusa74.bsky.social,209,219,0.001466275659824047,0.0,0.001466275659824047,0.001466275659824047,0.0,0.0,0.0,0.0008512649162196095,-0.1688915133476257,alcaraz
did:plc:drb77gh4szxqvxa57p6s2g5e,209,219,0.001466275659824047,0.001466275659824047,0.0,0.001466275659824047,0.001466275659824047,0.0,0.0,0.0015749886991333996,0.0,neutral
dasfuller.bsky.social,1,9,0.001466275659824047,0.0,0.001466275659824047,0.009897360703812317,0.0,0.0,0.0,0.0008512649162196095,-0.0503494795411825,alcaraz
jon-wensley.bsky.social,210,69,0.001466275659824047,0.001466275659824047,0.001466275659824047,0.001466275659824047,0.001466275659824047,0.0,0.0,0.005623901794836843,0.0,neutral
friedo90423867.bsky.social,210,69,0.001466275659824047,0.001466275659824047,0.001466275659824047,0.001466275659824047,0.001466275659824047,0.0,0.0,0.005623901794836843,-0.1469165444374084,alcaraz
fgustavek.bsky.social,99,21,0.001466275659824047,0.0,0.001466275659824047,0.004798720341242336,0.0,0.0,0.0,0.0008512649162196095,0.3839694406837225,sinner
funkmasterp.bsky.social,211,221,0.001466275659824047,0.0,0.001466275659824047,0.001466275659824047,0.0,0.0,0.0,0.0008512649162196095,0.2473452937789261,sinner
did:plc:z6sd3wlpy54phzzoxt537iya,211,221,0.001466275659824047,0.001466275659824047,0.0,0.001466275659824047,0.001466275659824047,0.0,0.0,0.0015749886991333996,0.0,neutral
gayyyperson.bsky.social,212,222,0.001466275659824047,0.0,0.001466275659824047,0.001466275659824047,0.0,0.0,0.0,0.0008512649162196095,-0.4576670144801028,alcaraz
did:plc:7okqwfinjyuroj7yms27hpns,212,222,0.001466275659824047,0.001466275659824047,0.0,0.001466275659824047,0.001466275659824047,0.0,0.0,0.0015749886991333996,0.0,neutral
mirimg.bsky.social,213,223,0.001466275659824047,0.0,0.001466275659824047,0.001466275659824047,0.0,0.0,0.0,0.0008512649162196095,0.0023147225379943,neutral
catherinesidaho.bsky.social,213,223,0.001466275659824047,0.001466275659824047,0.0,0.001466275659824047,0.001466275659824047,0.0,0.0,0.0015749886991333996,-0.1137433066032826,alcaraz
steffe.bsky.social,214,224,0.001466275659824047,0.0,0.001466275659824047,0.001466275659824047,0.0,0.0,0.0,0.0008512649162196095,0.1857510278001427,sinner
did:plc:6uybbvnd3pfjh5oztjngzdss,214,224,0.001466275659824047,0.001466275659824047,0.0,0.001466275659824047,0.001466275659824047,0.0,0.0,0.0015749886991333996,0.0,neutral
tamyl.bsky.social,215,47,0.001466275659824047,0.0,0.001466275659824047,0.0019550342130987292,0.0,0.0,0.0,0.0008512649162196095,0.0,neutral
did:plc:uqnyrpls22pqbicmdkwnlvli,215,47,0.002932551319648094,0.002932551319648094,0.0,0.002932551319648094,0.002932551319648094,4.306242760129359e-06,0.0,0.0022987124820471896,0.0,neutral
hyunin.lesbian.cat,216,226,0.001466275659824047,0.0,0.001466275659824047,0.001466275659824047,0.0,0.0,0.0,0.0008512649162196095,0.0,neutral
did:plc:2fc4pymlkptanebwmvdi42lo,216,226,0.001466275659824047,0.001466275659824047,0.0,0.001466275659824047,0.001466275659824047,0.0,0.0,0.0015749886991333996,0.0,neutral
jambs54321.bsky.social,215,47,0.001466275659824047,0.0,0.001466275659824047,0.0019550342130987292,0.0,0.0,0.0,0.0008512649162196095,0.0681509472429752,sinner
sandtats.bsky.social,183,36,0.001466275659824047,0.0,0.001466275659824047,0.0019550342130987292,0.0,0.0,0.0,0.0008512649162196095,-0.5133447003085166,alcaraz
stockhausen.bsky.social,217,227,0.001466275659824047,0.0,0.001466275659824047,0.001466275659824047,0.0,0.0,0.0,0.0008512649162196095,-0.3019078969955444,alcaraz
defector.com,217,227,0.001466275659824047,0.001466275659824047,0.0,0.001466275659824047,0.001466275659824047,0.0,0.0,0.0015749886991333996,0.0,neutral
tuckyswans.bsky.social,218,228,0.001466275659824047,0.0,0.001466275659824047,0.001466275659824047,0.0,0.0,0.0,0.0008512649162196095,-0.2875480893068015,alcaraz
did:plc:en7enmk5pib5jkqcey3evb7w,218,228,0.001466275659824047,0.001466275659824047,0.0,0.001466275659824047,0.001466275659824047,0.0,0.0,0.0015749886991333996,0.0,neutral
sgullif.bsky.social,66,16,0.001466275659824047,0.0,0.001466275659824047,0.02268789703819817,0.0,0.0,0.0,0.0008512649162196095,0.1223893478512763,sinner
jacquiweeks.bsky.social,8,1,0.001466275659824047,0.0,0.001466275659824047,0.031346175766556475,0.0,0.0,0.0,0.0008512649162196095,0.0,neutral
paolosandro.bsky.social,8,1,0.001466275659824047,0.001466275659824047,0.0,0.03569805932368404,0.006598240469208212,0.0,0.0,0.0010373381059589188,0.2831198708852753,sinner
rangioni.bsky.social,219,229,0.001466275659824047,0.0,0.001466275659824047,0.001466275659824047,0.0,0.0,0.0,0.0008512649162196095,-0.0748424733678499,alcaraz
did:plc:n6vkprgmigd23ynxg3mstmhw,219,229,0.001466275659824047,0.001466275659824047,0.0,0.001466275659824047,0.001466275659824047,0.0,0.0,0.0015749886991333996,0.0,neutral
handsofgod.bsky.social,220,15,0.00439882697947214,0.0,0.00439882697947214,0.036282076654132855,0.0,0.003582793976427627,0.0,0.0008512649162196095,-0.2924371894448995,alcaraz
did:plc:ae3rhmesh3aufzcuogcvb7v4,8,1,0.001466275659824047,0.001466275659824047,0.0,0.031346175766556475,0.0081209113467178,0.0,0.0,0.0022537025840613243,0.0,neutral
chieftabi.bsky.social,157,57,0.001466275659824047,0.0,0.001466275659824047,0.0019550342130987292,0.0,0.0,0.0,0.0008512649162196095,-0.2216947715729475,alcaraz
guwonder.bsky.social,221,230,0.001466275659824047,0.0,0.001466275659824047,0.001466275659824047,0.0,0.0,0.0,0.0008512649162196095,0.0,neutral
did:plc:veq5dlv6t6yml6x5mlajeoy3,221,230,0.001466275659824047,0.001466275659824047,0.0,0.001466275659824047,0.001466275659824047,0.0,0.0,0.0015749886991333996,0.0,neutral
drmarinaarcher.bsky.social,222,51,0.002932551319648094,0.0,0.002932551319648094,0.002932551319648094,0.0,4.306242760129359e-06,0.0,0.0008512649162196095,-0.1635963931679725,alcaraz
did:plc:7umvpuxe2vbrc3zrzuquzniu,222,51,0.001466275659824047,0.001466275659824047,0.0,0.0019550342130987292,0.001466275659824047,0.0,0.0,0.0012131268076765046,0.0,neutral
did:plc:qpbt2oo6xiny76sbzw4qclkc,222,51,0.001466275659824047,0.001466275659824047,0.0,0.0019550342130987292,0.001466275659824047,0.0,0.0,0.0012131268076765046,0.0,neutral
perisanchez.bsky.social,223,74,0.001466275659824047,0.0,0.001466275659824047,0.001466275659824047,0.0,0.0,0.0,0.0008512649162196095,0.015890883654356,neutral
did:plc:7jhby7a2q7rhkkjfc2ef25fc,223,74,0.001466275659824047,0.001466275659824047,0.0,0.001466275659824047,0.001466275659824047,0.0,0.0,0.0015749886991333996,0.0,neutral
